-- demo.sql — 完整 demo fixture（对应原 mock.dart 全部数据）
--
-- Prereqs: migrations/0001_schema.sql 已应用。
-- Safe to re-run: 每个 section 先 DELETE 再 INSERT。
-- 在 Supabase SQL Editor 以 postgres 身份执行。

-- ═══════════════════════════════════════════════════════════════
-- 0. Cleanup — 删除旧 demo 数据（级联清理）
-- ═══════════════════════════════════════════════════════════════

delete from public.rating_likes where user_id::text like '10000000-0000-0000-0000-%';
delete from public.notifications where user_id::text like '10000000-0000-0000-0000-%';
delete from public.predictions   where user_id::text like '10000000-0000-0000-0000-%';

delete from events where id in (
  '11111111-1111-1111-1111-111111111111',
  '11111111-1111-1111-1111-222222222222',
  '11111111-1111-1111-1111-333333333333',
  '11111111-1111-1111-1111-444444444444',
  '11111111-1111-1111-1111-555555555555'
);

delete from events where id = '11111111-1111-1111-1111-555555555555';
delete from external_matches where id in (
  '33333333-3333-3333-3333-000000000001',
  '33333333-3333-3333-3333-000000000002',
  '33333333-3333-3333-3333-000000000003',
  '33333333-3333-3333-3333-000000000004'
);

delete from public.messages where conv_id in (
  '44444444-4444-4444-4444-000000000001',
  '44444444-4444-4444-4444-000000000002',
  '44444444-4444-4444-4444-000000000003',
  '44444444-4444-4444-4444-000000000004',
  '44444444-4444-4444-4444-000000000005',
  '44444444-4444-4444-4444-000000000006'
);
delete from public.conversation_members where conv_id in (
  '44444444-4444-4444-4444-000000000001',
  '44444444-4444-4444-4444-000000000002',
  '44444444-4444-4444-4444-000000000003',
  '44444444-4444-4444-4444-000000000004',
  '44444444-4444-4444-4444-000000000005',
  '44444444-4444-4444-4444-000000000006'
);
delete from public.conversations where id in (
  '44444444-4444-4444-4444-000000000001',
  '44444444-4444-4444-4444-000000000002',
  '44444444-4444-4444-4444-000000000003',
  '44444444-4444-4444-4444-000000000004',
  '44444444-4444-4444-4444-000000000005',
  '44444444-4444-4444-4444-000000000006'
);

delete from public.posts where author_id::text like '10000000-0000-0000-0000-%';
delete from public.player_honors where user_id::text like '10000000-0000-0000-0000-%';
delete from public.player_attributes where user_id::text like '10000000-0000-0000-0000-%';

delete from pickup_slots where pickup_id in (
  select id from pickups where venue in (
    '广西体育中心 5号场', '李宁体育园足球场', '南宁市体育场', '五象湖足球场'
  )
);
delete from pickups where venue in (
  '广西体育中心 5号场', '李宁体育园足球场', '南宁市体育场', '五象湖足球场'
);

delete from auth.users where id::text like '10000000-0000-0000-0000-%';


-- ═══════════════════════════════════════════════════════════════
-- 1. Demo users — 13 位出镜球员
--    auth.users → trigger handle_new_user → profiles(id, name)
-- ═══════════════════════════════════════════════════════════════

insert into auth.users (
  instance_id, id, aud, role, email, encrypted_password,
  email_confirmed_at, raw_app_meta_data, raw_user_meta_data,
  created_at, updated_at
)
select
  '00000000-0000-0000-0000-000000000000'::uuid,
  dp.id::uuid, 'authenticated', 'authenticated',
  dp.email,
  crypt('demo-password', gen_salt('bf')),
  now(),
  '{"provider":"email","providers":["email"]}'::jsonb,
  jsonb_build_object('name', dp.name),
  now(), now()
from (values
  ('10000000-0000-0000-0000-000000000001', 'demo-chenzirui@qiuju.local', '陈子睿'),
  ('10000000-0000-0000-0000-000000000002', 'demo-laowang@qiuju.local',   '老王'),
  ('10000000-0000-0000-0000-000000000003', 'demo-xuzheng@qiuju.local',   '徐铮'),
  ('10000000-0000-0000-0000-000000000004', 'demo-linshuai@qiuju.local',  '林帅'),
  ('10000000-0000-0000-0000-000000000005', 'demo-jiangbei@qiuju.local',  '江北'),
  ('10000000-0000-0000-0000-000000000006', 'demo-kevin@qiuju.local',     'Kevin'),
  ('10000000-0000-0000-0000-000000000007', 'demo-coach@qiuju.local',     '张教练'),
  ('10000000-0000-0000-0000-000000000008', 'demo-xiaozhao@qiuju.local',  '小赵'),
  ('10000000-0000-0000-0000-000000000009', 'demo-aze@qiuju.local',       '阿泽'),
  ('10000000-0000-0000-0000-00000000000a', 'demo-lurenjia@qiuju.local',  '路人甲'),
  ('10000000-0000-0000-0000-00000000000b', 'demo-lurenyi@qiuju.local',   '路人乙'),
  ('10000000-0000-0000-0000-00000000000c', 'demo-lurenbing@qiuju.local', '路人丙'),
  ('10000000-0000-0000-0000-00000000000d', 'demo-lurending@qiuju.local', '路人丁')
) as dp(id, email, name);

-- auth.identities（部分 Supabase 版本登录需要）
insert into auth.identities (id, user_id, identity_data, provider, provider_id, last_sign_in_at, created_at, updated_at)
select
  dp.id::uuid, dp.id::uuid,
  jsonb_build_object('sub', dp.id, 'email', dp.email),
  'email', dp.id,
  now(), now(), now()
from (values
  ('10000000-0000-0000-0000-000000000001', 'demo-chenzirui@qiuju.local'),
  ('10000000-0000-0000-0000-000000000002', 'demo-laowang@qiuju.local'),
  ('10000000-0000-0000-0000-000000000003', 'demo-xuzheng@qiuju.local'),
  ('10000000-0000-0000-0000-000000000004', 'demo-linshuai@qiuju.local'),
  ('10000000-0000-0000-0000-000000000005', 'demo-jiangbei@qiuju.local'),
  ('10000000-0000-0000-0000-000000000006', 'demo-kevin@qiuju.local'),
  ('10000000-0000-0000-0000-000000000007', 'demo-coach@qiuju.local'),
  ('10000000-0000-0000-0000-000000000008', 'demo-xiaozhao@qiuju.local'),
  ('10000000-0000-0000-0000-000000000009', 'demo-aze@qiuju.local'),
  ('10000000-0000-0000-0000-00000000000a', 'demo-lurenjia@qiuju.local'),
  ('10000000-0000-0000-0000-00000000000b', 'demo-lurenyi@qiuju.local'),
  ('10000000-0000-0000-0000-00000000000c', 'demo-lurenbing@qiuju.local'),
  ('10000000-0000-0000-0000-00000000000d', 'demo-lurending@qiuju.local')
) as dp(id, email)
on conflict do nothing;

-- 回填 profiles 完整字段
update public.profiles p set
  name = dp.name,
  handle = dp.handle,
  city = dp.city,
  district = dp.district,
  position = dp.position,
  height = dp.height,
  foot = dp.foot,
  avatar_url = dp.avatar_url
from (values
  ('10000000-0000-0000-0000-000000000001'::uuid, '陈子睿', 'chenzirui', '南宁', '青秀', 'CF', 178, '右脚',
   'https://images.unsplash.com/photo-1507003211169-0a1dd7228f2d?auto=format&fit=crop&w=400&h=400&q=70'),
  ('10000000-0000-0000-0000-000000000002'::uuid, '老王', 'laowang', '南宁', '青秀', 'GK', 185, '右脚',
   'https://images.unsplash.com/photo-1472099645785-5658abf4ff4e?auto=format&fit=crop&w=400&h=400&q=70'),
  ('10000000-0000-0000-0000-000000000003'::uuid, '徐铮', 'xuzheng', '南宁', '兴宁', 'LW', 175, '左脚',
   'https://images.unsplash.com/photo-1544005313-94ddf0286df2?auto=format&fit=crop&w=400&h=400&q=70'),
  ('10000000-0000-0000-0000-000000000004'::uuid, '林帅', 'linshuai', '南宁', '西乡塘', 'CM', 180, '右脚',
   'https://images.unsplash.com/photo-1539571696357-5a69c17a67c6?auto=format&fit=crop&w=400&h=400&q=70'),
  ('10000000-0000-0000-0000-000000000005'::uuid, '江北', 'jiangbei', '南宁', '青秀', 'RW', 173, '右脚',
   'https://images.unsplash.com/photo-1519085360753-af0119f7cbe7?auto=format&fit=crop&w=400&h=400&q=70'),
  ('10000000-0000-0000-0000-000000000006'::uuid, 'Kevin', 'kevin', '南宁', '良庆', 'LB', 176, '右脚',
   'https://images.unsplash.com/photo-1552058544-f2b08422138a?auto=format&fit=crop&w=400&h=400&q=70'),
  ('10000000-0000-0000-0000-000000000007'::uuid, '张教练', 'coach-zhang', '南宁', '江南', 'CM', 175, '右脚',
   'https://images.unsplash.com/photo-1531123897727-8f129e1688ce?auto=format&fit=crop&w=400&h=400&q=70'),
  ('10000000-0000-0000-0000-000000000008'::uuid, '小赵', 'xiaozhao', '南宁', '青秀', 'CM', 172, '右脚',
   'https://images.unsplash.com/photo-1492562080023-ab3db95bfbce?auto=format&fit=crop&w=400&h=400&q=70'),
  ('10000000-0000-0000-0000-000000000009'::uuid, '阿泽', 'aze', '南宁', '兴宁', 'CB', 182, '右脚',
   'https://images.unsplash.com/photo-1500648767791-00dcc994a43e?auto=format&fit=crop&w=400&h=400&q=70'),
  ('10000000-0000-0000-0000-00000000000a'::uuid, '路人甲', null, '南宁', '青秀', 'GK', 180, '右脚', null),
  ('10000000-0000-0000-0000-00000000000b'::uuid, '路人乙', null, '南宁', '江南', 'CB', 183, '右脚', null),
  ('10000000-0000-0000-0000-00000000000c'::uuid, '路人丙', null, '南宁', '西乡塘', 'CM', 174, '左脚', null),
  ('10000000-0000-0000-0000-00000000000d'::uuid, '路人丁', null, '南宁', '良庆', 'CF', 177, '右脚', null)
) as dp(id, name, handle, city, district, position, height, foot, avatar_url)
where p.id = dp.id;


-- ═══════════════════════════════════════════════════════════════
-- 2. Player attributes + honors（陈子睿 — 个人档案雷达图 + 荣誉）
-- ═══════════════════════════════════════════════════════════════

insert into player_attributes (user_id, speed, shooting, passing, defense, stamina, technique)
values ('10000000-0000-0000-0000-000000000001', 86, 84, 72, 58, 79, 81)
on conflict (user_id) do update set
  speed=86, shooting=84, passing=72, defense=58, stamina=79, technique=81;

insert into player_honors (user_id, year, title, meta) values
  ('10000000-0000-0000-0000-000000000001', '2026', '青秀村超 · 金靴', '14球'),
  ('10000000-0000-0000-0000-000000000001', '2025', '邕企联赛 · 最佳球员', '南宁队'),
  ('10000000-0000-0000-0000-000000000001', '2025', '青秀夜场联赛 · 亚军', '淘汰赛');


-- ═══════════════════════════════════════════════════════════════
-- 3. Pickups — 6 场约球
-- ═══════════════════════════════════════════════════════════════

insert into pickups (id, venue, host_id, host_name, time_label, need, total, level, fee_cents,
  duration_min, status, formation, lat, lng, start_at, venue_photo_url
) values
  ('40000000-0000-0000-0000-000000000001',
   '广西体育中心 5号场', '10000000-0000-0000-0000-000000000002', '老王',
   '今晚 19:30', 3, 10, '中级', 5000, 120, 'open', '4-3-3',
   22.7680, 108.2870, now() + interval '4 hours',
   'https://images.unsplash.com/photo-1529900748604-07564a03e7a6?auto=format&fit=crop&w=1200&h=600&q=70'),
  ('40000000-0000-0000-0000-000000000002',
   '李宁体育园足球场', '10000000-0000-0000-0000-000000000006', 'Kevin',
   '明天 07:00', 1, 12, '高级', 4000, 90, 'almost', '4-4-2',
   22.8450, 108.3900, now() + interval '1 day',
   'https://images.unsplash.com/photo-1459865264687-595d652de67e?auto=format&fit=crop&w=1200&h=600&q=70'),
  ('40000000-0000-0000-0000-000000000003',
   '南宁市体育场', '10000000-0000-0000-0000-000000000007', '张教练',
   '周六 15:00', 5, 10, '初级', 3000, 120, 'open', '4-3-3',
   22.8130, 108.3200, now() + interval '3 days',
   'https://images.unsplash.com/photo-1579952363873-27f3bade9f55?auto=format&fit=crop&w=1200&h=600&q=70'),
  ('40000000-0000-0000-0000-000000000004',
   '五象湖足球场', '10000000-0000-0000-0000-000000000009', '阿泽',
   '周日 20:00', 0, 10, '中级', 4500, 120, 'full', '4-3-3',
   22.7550, 108.3200, now() + interval '4 days',
   'https://images.unsplash.com/photo-1574629810360-7efbbe195018?auto=format&fit=crop&w=1200&h=600&q=70'),
  ('40000000-0000-0000-0000-000000000005',
   '人民公园足球场', '10000000-0000-0000-0000-000000000004', '林帅',
   '今晚 21:00', 4, 10, '初级', 3500, 90, 'open', '4-3-3',
   22.8250, 108.3350, now() + interval '6 hours',
   'https://images.unsplash.com/photo-1551958219-acbc608c6377?auto=format&fit=crop&w=1200&h=600&q=70'),
  ('40000000-0000-0000-0000-000000000006',
   '西乡塘体育中心', '10000000-0000-0000-0000-000000000003', '徐铮',
   '周三 19:00', 2, 12, '中级', 6000, 120, 'almost', '4-4-2',
   22.8400, 108.2700, now() + interval '2 days',
   'https://images.unsplash.com/photo-1522778119026-d647f0596c20?auto=format&fit=crop&w=1200&h=600&q=70');


-- ═══════════════════════════════════════════════════════════════
-- 4. Pickup slots — 4-3-3 阵型 with user_id（for my_teammates 视图）
-- ═══════════════════════════════════════════════════════════════

-- p1: 广西体育中心（8填 / 3空）
insert into pickup_slots (pickup_id, user_id, display_name, position, x, y) values
  ('40000000-0000-0000-0000-000000000001', '10000000-0000-0000-0000-000000000002', '老王',   'GK', 50, 92),
  ('40000000-0000-0000-0000-000000000001', '10000000-0000-0000-0000-000000000006', 'Kevin',  'LB', 18, 72),
  ('40000000-0000-0000-0000-000000000001', '10000000-0000-0000-0000-000000000009', '阿泽',   'CB', 38, 72),
  ('40000000-0000-0000-0000-000000000001', null,                                   null,     'CB', 62, 72),
  ('40000000-0000-0000-0000-000000000001', '10000000-0000-0000-0000-000000000005', '江北',   'RB', 82, 72),
  ('40000000-0000-0000-0000-000000000001', '10000000-0000-0000-0000-000000000004', '林帅',   'CM', 30, 48),
  ('40000000-0000-0000-0000-000000000001', null,                                   null,     'CM', 50, 48),
  ('40000000-0000-0000-0000-000000000001', '10000000-0000-0000-0000-000000000008', '小赵',   'CM', 70, 48),
  ('40000000-0000-0000-0000-000000000001', '10000000-0000-0000-0000-000000000003', '徐铮',   'LW', 20, 22),
  ('40000000-0000-0000-0000-000000000001', null,                                   null,     'ST', 50, 14),
  ('40000000-0000-0000-0000-000000000001', '10000000-0000-0000-0000-000000000001', '陈子睿', 'RW', 80, 22);

-- p2: 李宁体育园（部分球员共享 → 增加 teammates 匹配数）
insert into pickup_slots (pickup_id, user_id, display_name, position, x, y) values
  ('40000000-0000-0000-0000-000000000002', '10000000-0000-0000-0000-000000000001', '陈子睿', 'CF', 50, 14),
  ('40000000-0000-0000-0000-000000000002', '10000000-0000-0000-0000-000000000006', 'Kevin',  'LB', 18, 72),
  ('40000000-0000-0000-0000-000000000002', '10000000-0000-0000-0000-000000000004', '林帅',   'CM', 50, 48),
  ('40000000-0000-0000-0000-000000000002', '10000000-0000-0000-0000-000000000002', '老王',   'GK', 50, 92);

-- p3: 南宁市体育场
insert into pickup_slots (pickup_id, user_id, display_name, position, x, y) values
  ('40000000-0000-0000-0000-000000000003', '10000000-0000-0000-0000-000000000001', '陈子睿', 'CF', 50, 14),
  ('40000000-0000-0000-0000-000000000003', '10000000-0000-0000-0000-000000000009', '阿泽',   'CB', 38, 72),
  ('40000000-0000-0000-0000-000000000003', '10000000-0000-0000-0000-000000000007', '张教练', 'CM', 50, 48),
  ('40000000-0000-0000-0000-000000000003', '10000000-0000-0000-0000-000000000005', '江北',   'RW', 80, 22),
  ('40000000-0000-0000-0000-000000000003', '10000000-0000-0000-0000-000000000002', '老王',   'GK', 50, 92);

-- p4: 五象湖足球场（已满）
insert into pickup_slots (pickup_id, user_id, display_name, position, x, y) values
  ('40000000-0000-0000-0000-000000000004', '10000000-0000-0000-0000-000000000001', '陈子睿', 'CF', 50, 14),
  ('40000000-0000-0000-0000-000000000004', '10000000-0000-0000-0000-000000000009', '阿泽',   'CB', 38, 72),
  ('40000000-0000-0000-0000-000000000004', '10000000-0000-0000-0000-000000000003', '徐铮',   'LW', 20, 22),
  ('40000000-0000-0000-0000-000000000004', '10000000-0000-0000-0000-000000000008', '小赵',   'CM', 70, 48);

-- p5: 人民公园足球场（6填 / 4空）
insert into pickup_slots (pickup_id, user_id, display_name, position, x, y) values
  ('40000000-0000-0000-0000-000000000005', '10000000-0000-0000-0000-000000000004', '林帅',   'GK', 50, 92),
  ('40000000-0000-0000-0000-000000000005', '10000000-0000-0000-0000-000000000001', '陈子睿', 'CB', 38, 72),
  ('40000000-0000-0000-0000-000000000005', '10000000-0000-0000-0000-000000000005', '江北',   'CB', 62, 72),
  ('40000000-0000-0000-0000-000000000005', null,                                   null,     'LB', 18, 72),
  ('40000000-0000-0000-0000-000000000005', null,                                   null,     'RB', 82, 72),
  ('40000000-0000-0000-0000-000000000005', '10000000-0000-0000-0000-000000000008', '小赵',   'CM', 30, 48),
  ('40000000-0000-0000-0000-000000000005', '10000000-0000-0000-0000-000000000006', 'Kevin',  'CM', 50, 48),
  ('40000000-0000-0000-0000-000000000005', null,                                   null,     'CM', 70, 48),
  ('40000000-0000-0000-0000-000000000005', '10000000-0000-0000-0000-000000000002', '老王',   'LW', 20, 22),
  ('40000000-0000-0000-0000-000000000005', null,                                   null,     'ST', 50, 14);

-- p6: 西乡塘体育中心（10填 / 2空）
insert into pickup_slots (pickup_id, user_id, display_name, position, x, y) values
  ('40000000-0000-0000-0000-000000000006', '10000000-0000-0000-0000-000000000003', '徐铮',   'GK', 50, 92),
  ('40000000-0000-0000-0000-000000000006', '10000000-0000-0000-0000-000000000001', '陈子睿', 'LB', 18, 72),
  ('40000000-0000-0000-0000-000000000006', '10000000-0000-0000-0000-000000000009', '阿泽',   'CB', 38, 72),
  ('40000000-0000-0000-0000-000000000006', '10000000-0000-0000-0000-000000000002', '老王',   'CB', 62, 72),
  ('40000000-0000-0000-0000-000000000006', '10000000-0000-0000-0000-000000000005', '江北',   'RB', 82, 72),
  ('40000000-0000-0000-0000-000000000006', '10000000-0000-0000-0000-000000000004', '林帅',   'LM', 18, 48),
  ('40000000-0000-0000-0000-000000000006', '10000000-0000-0000-0000-000000000007', '张教练', 'CM', 38, 48),
  ('40000000-0000-0000-0000-000000000006', null,                                   null,     'CM', 62, 48),
  ('40000000-0000-0000-0000-000000000006', '10000000-0000-0000-0000-000000000008', '小赵',   'RM', 82, 48),
  ('40000000-0000-0000-0000-000000000006', '10000000-0000-0000-0000-000000000006', 'Kevin',  'CF', 38, 14),
  ('40000000-0000-0000-0000-000000000006', null,                                   null,     'CF', 62, 14);


-- ═══════════════════════════════════════════════════════════════
-- 5. Events — 4 场赛事
-- ═══════════════════════════════════════════════════════════════

insert into events (id, creator_id, name, sub, city, status, template, team_size, teams_max,
  prize_cents, deadline, starts_at, cover_url
) values
  ('11111111-1111-1111-1111-111111111111',
   '10000000-0000-0000-0000-000000000001',
   '2026 青秀村超', '第三届社区联赛', '南宁 · 青秀区', 'ongoing', 'knockout16', 11, 16,
   5000000, now() - interval '10 days', now() - interval '6 days',
   'https://images.unsplash.com/photo-1654462977797-a349656aadcf?auto=format&fit=crop&w=1200&h=600&q=70'),
  ('11111111-1111-1111-1111-222222222222',
   null,
   '邕企杯 · 春季', '企业员工八人制', '南宁 · 兴宁区', 'ongoing', 'group8', 8, 24,
   3000000, now() - interval '20 days', now() - interval '14 days',
   'https://images.unsplash.com/photo-1517466787929-bc90951d0974?auto=format&fit=crop&w=1200&h=600&q=70'),
  ('11111111-1111-1111-1111-333333333333',
   null,
   '邕江夜联赛', '7v7 业余联赛', '南宁 · 青秀', 'registering', 'league', 7, 12,
   2000000, now() + interval '11 days', now() + interval '14 days',
   'https://images.unsplash.com/photo-1431324155629-1a6deb1dec8d?auto=format&fit=crop&w=1200&h=600&q=70'),
  ('11111111-1111-1111-1111-444444444444',
   null,
   '广西校友杯', '高校校友足球赛', '南宁 · 西乡塘', 'ongoing', 'knockout16', 11, 16,
   1500000, now() - interval '30 days', now() - interval '21 days',
   'https://images.unsplash.com/photo-1560272564-c83b66b1ad12?auto=format&fit=crop&w=1200&h=600&q=70');


-- 赛事直播观赛（承载首页直播条的国际比赛）
insert into events (id, name, sub, city, status, template, teams_max, starts_at, cover_url)
values (
  '11111111-1111-1111-1111-555555555555',
  '国际赛事直播', '世界杯 · 欧冠转播', '全球', 'ongoing', null, null,
  now() - interval '30 days', null
);


-- ═══════════════════════════════════════════════════════════════
-- 6. Teams
-- ═══════════════════════════════════════════════════════════════

-- e1: 青秀村超 16 队
insert into teams (event_id, name, captain_id, approved) values
  ('11111111-1111-1111-1111-111111111111', '青秀狼队', '10000000-0000-0000-0000-000000000001', true),
  ('11111111-1111-1111-1111-111111111111', 'FC 黑马',  '10000000-0000-0000-0000-000000000003', true),
  ('11111111-1111-1111-1111-111111111111', '邕宁闪电',  null, true),
  ('11111111-1111-1111-1111-111111111111', '江南联',    null, true),
  ('11111111-1111-1111-1111-111111111111', '良庆渔民',  null, true),
  ('11111111-1111-1111-1111-111111111111', '五象 FC', null, true),
  ('11111111-1111-1111-1111-111111111111', '兴宁联队',  null, true),
  ('11111111-1111-1111-1111-111111111111', '相思湖雄鹰',  null, true),
  ('11111111-1111-1111-1111-111111111111', '武鸣野牛',  null, true),
  ('11111111-1111-1111-1111-111111111111', '昆仑猛虎',  null, true),
  ('11111111-1111-1111-1111-111111111111', '仙葫雷霆',  null, true),
  ('11111111-1111-1111-1111-111111111111', '安吉雄狮',  null, true),
  ('11111111-1111-1111-1111-111111111111', '金桥骑士',  null, true),
  ('11111111-1111-1111-1111-111111111111', '邕江航海',  null, true),
  ('11111111-1111-1111-1111-111111111111', '三塘铁骑',  null, true),
  ('11111111-1111-1111-1111-111111111111', '青山飞翼', null, true);

-- e2: 邕企杯 24 队
insert into teams (event_id, name, approved) values
  ('11111111-1111-1111-1111-222222222222', '青秀电竞', true),
  ('11111111-1111-1111-1111-222222222222', '柳药绿城', true);
insert into teams (event_id, name, approved)
select '11111111-1111-1111-1111-222222222222', '邕企队' || n, true
from generate_series(1, 22) n;

-- e3: 邕江夜联赛 8 队
insert into teams (event_id, name, approved)
select '11111111-1111-1111-1111-333333333333', '邕江队' || n, true
from generate_series(1, 8) n;

-- e4: 广西校友杯 12 队
insert into teams (event_id, name, approved)
select '11111111-1111-1111-1111-444444444444', '校友队' || n, true
from generate_series(1, 12) n;


-- ═══════════════════════════════════════════════════════════════
-- 7. Matches — 内部赛事比赛（含 live 状态）
-- ═══════════════════════════════════════════════════════════════

-- e1 青秀村超: QF（demoMatchId）+ bracket + 1 live
insert into matches (id, event_id, round, team_a_label, team_b_label,
  score_a, score_b, pk_score, played_at, done, is_live, minute, viewers, poster_url
) values
  -- QF1（demoMatchId）
  ('22222222-2222-2222-2222-222222222222',
   '11111111-1111-1111-1111-111111111111', 'qf', '青秀狼队', 'FC 黑马',
   3, 1, null, now() - interval '4 days', true, false, null, 0, null),
  -- 正在直播的小组赛
  ('22222222-2222-2222-2222-111111111111',
   '11111111-1111-1111-1111-111111111111', 'group', '青秀狼队', 'FC 黑马',
   0, 0, null, now(), false, true, '12''', 842,
   'https://images.unsplash.com/photo-1709495034740-f6e6c22f1d1f?auto=format&fit=crop&w=1200&h=600&q=70'),
  -- 国际赛事直播（首页直播条）
  ('22222222-2222-2222-2222-aaaaaaaaaaaa',
   '11111111-1111-1111-1111-555555555555', null, '阿根廷', '巴西',
   2, 1, null, now() - interval '67 minutes', false, true, '67''', 128000,
   'https://images.unsplash.com/photo-1654462977797-a349656aadcf?auto=format&fit=crop&w=1200&h=600&q=70'),
  ('22222222-2222-2222-2222-bbbbbbbbbbbb',
   '11111111-1111-1111-1111-555555555555', null, '皇家马德里', '巴塞罗那',
   1, 3, null, now() - interval '45 minutes', false, true, '半场', 94000,
   'https://images.unsplash.com/photo-1461175905877-4c544d68b675?auto=format&fit=crop&w=1200&h=600&q=70');

insert into matches (event_id, round, team_a_label, team_b_label,
  score_a, score_b, pk_score, played_at, done
) values
  -- R16
  ('11111111-1111-1111-1111-111111111111', 'r16', '青秀狼队', '青山飞翼', 4, 0, null, now()-interval '10 days', true),
  ('11111111-1111-1111-1111-111111111111', 'r16', 'FC 黑马',  '三塘铁骑',   2, 1, null, now()-interval '10 days', true),
  ('11111111-1111-1111-1111-111111111111', 'r16', '兴宁联队', '邕江航海',   3, 1, null, now()-interval '10 days', true),
  ('11111111-1111-1111-1111-111111111111', 'r16', '相思湖雄鹰', '金桥骑士',   2, 2, '5-3', now()-interval '9 days', true),
  ('11111111-1111-1111-1111-111111111111', 'r16', '江南联',   '安吉雄狮',   1, 0, null, now()-interval '9 days', true),
  ('11111111-1111-1111-1111-111111111111', 'r16', '五象 FC', '仙葫雷霆',  3, 2, null, now()-interval '9 days', true),
  ('11111111-1111-1111-1111-111111111111', 'r16', '邕宁闪电', '昆仑猛虎',   5, 1, null, now()-interval '9 days', true),
  ('11111111-1111-1111-1111-111111111111', 'r16', '良庆渔民', '武鸣野牛',   2, 1, null, now()-interval '8 days', true),
  -- 余下 QF
  ('11111111-1111-1111-1111-111111111111', 'qf', '兴宁联队', '相思湖雄鹰', 2, 1, null, now()-interval '4 days', true),
  ('11111111-1111-1111-1111-111111111111', 'qf', '江南联',   '五象 FC', 0, 0, '5-4', now()-interval '3 days', true),
  ('11111111-1111-1111-1111-111111111111', 'qf', '邕宁闪电', '良庆渔民', 4, 2, null, now()-interval '3 days', true),
  -- SF
  ('11111111-1111-1111-1111-111111111111', 'sf', '青秀狼队', '兴宁联队', 2, 0, null, now()-interval '1 day', true),
  ('11111111-1111-1111-1111-111111111111', 'sf', '江南联',   '邕宁闪电', null, null, null, now()+interval '2 days', false),
  -- Final
  ('11111111-1111-1111-1111-111111111111', 'final', '青秀狼队', 'TBD', null, null, null, now()+interval '5 days', false);

-- e2 邕企杯: 2 场已完赛（Feed + 比赛历史）
insert into matches (event_id, round, team_a_label, team_b_label,
  score_a, score_b, played_at, done
) values
  ('11111111-1111-1111-1111-222222222222', 'group', '青秀电竞', '柳药绿城', 1, 1, now()-interval '5 days', true),
  ('11111111-1111-1111-1111-222222222222', 'group', '柳药绿城', '邕企队1',  2, 0, now()-interval '12 days', true);

-- 回填 team_a_id / team_b_id
update matches m
  set team_a_id = ta.id
from teams ta
where ta.event_id = m.event_id and ta.name = m.team_a_label and m.team_a_id is null;

update matches m
  set team_b_id = tb.id
from teams tb
where tb.event_id = m.event_id and tb.name = m.team_b_label and m.team_b_id is null;


-- ═══════════════════════════════════════════════════════════════
-- 8. External matches — 世界杯专区
-- ═══════════════════════════════════════════════════════════════

insert into external_matches (id, team_a, team_b, flag_a, flag_b, competition,
  kick_off, is_live, score_a, score_b, minute, viewers, status
) values
  ('33333333-3333-3333-3333-000000000001',
   '阿根廷', '巴西', 'AR', 'BR', '2026 世界杯 · 半决赛',
   now() - interval '67 minutes', true, 2, 1, '67''', 128000, 'live'),
  ('33333333-3333-3333-3333-000000000002',
   '法国', '英格兰', 'FR', 'EN', '2026 世界杯 · 半决赛',
   now()::date + interval '21 hours', false, null, null, null, 0, '今晚'),
  ('33333333-3333-3333-3333-000000000003',
   '德国', '西班牙', 'DE', 'ES', '2026 世界杯 · 1/4决赛',
   now()::date + interval '1 day 30 minutes', false, null, null, null, 0, '明日'),
  ('33333333-3333-3333-3333-000000000004',
   '荷兰', '葡萄牙', 'NL', 'PT', '2026 世界杯 · 1/4决赛',
   now()::date + interval '1 day 3 hours', false, null, null, null, 0, '明日');


-- ═══════════════════════════════════════════════════════════════
-- 9. Goals
-- ═══════════════════════════════════════════════════════════════

-- QF1 青秀狼队 3-1 FC 黑马
insert into goals (match_id, scorer_id, scorer_name, assist_id, minute, is_penalty, is_own_goal) values
  ('22222222-2222-2222-2222-222222222222',
   '10000000-0000-0000-0000-000000000001', '陈子睿',
   '10000000-0000-0000-0000-000000000004', 15, false, false),
  ('22222222-2222-2222-2222-222222222222',
   '10000000-0000-0000-0000-000000000001', '陈子睿',
   '10000000-0000-0000-0000-000000000005', 58, false, false),
  ('22222222-2222-2222-2222-222222222222',
   '10000000-0000-0000-0000-000000000004', '林帅',
   '10000000-0000-0000-0000-000000000001', 72, false, false),
  ('22222222-2222-2222-2222-222222222222',
   '10000000-0000-0000-0000-000000000003', '徐铮',
   null, 44, false, false);

-- SF1 青秀狼队 2-0 兴宁联队
insert into goals (match_id, scorer_id, scorer_name, minute, is_penalty, is_own_goal)
select m.id,
  '10000000-0000-0000-0000-000000000001', '陈子睿', 33, false, false
from matches m
where m.event_id = '11111111-1111-1111-1111-111111111111'
  and m.round = 'sf' and m.team_a_label = '青秀狼队' and m.done = true
limit 1;

insert into goals (match_id, scorer_id, scorer_name, minute, is_penalty, is_own_goal)
select m.id,
  '10000000-0000-0000-0000-000000000003', '徐铮', 76, false, false
from matches m
where m.event_id = '11111111-1111-1111-1111-111111111111'
  and m.round = 'sf' and m.team_a_label = '青秀狼队' and m.done = true
limit 1;

-- e2: 青秀电竞 1-1 柳药绿城
insert into goals (match_id, scorer_name, minute, is_penalty, is_own_goal)
select m.id, g.scorer_name, g.minute, false, false
from matches m
cross join (values ('江北', 28), ('徐铮', 63)) as g(scorer_name, minute)
where m.event_id = '11111111-1111-1111-1111-222222222222'
  and m.team_a_label = '青秀电竞' and m.done = true;


-- ═══════════════════════════════════════════════════════════════
-- 10. Match participants — QF1 两队名单（评分页使用）
-- ═══════════════════════════════════════════════════════════════

insert into match_participants (match_id, user_id, display_name, position, side) values
  -- 青秀狼队 (side a)
  ('22222222-2222-2222-2222-222222222222', '10000000-0000-0000-0000-000000000001', '陈子睿', 'CF', 'a'),
  ('22222222-2222-2222-2222-222222222222', '10000000-0000-0000-0000-000000000002', '老王',   'GK', 'a'),
  ('22222222-2222-2222-2222-222222222222', '10000000-0000-0000-0000-000000000006', 'Kevin',  'LB', 'a'),
  ('22222222-2222-2222-2222-222222222222', '10000000-0000-0000-0000-000000000009', '阿泽',   'CB', 'a'),
  ('22222222-2222-2222-2222-222222222222', '10000000-0000-0000-0000-000000000004', '林帅',   'CM', 'a'),
  ('22222222-2222-2222-2222-222222222222', '10000000-0000-0000-0000-000000000005', '江北',   'RW', 'a'),
  -- FC 黑马 (side b)
  ('22222222-2222-2222-2222-222222222222', '10000000-0000-0000-0000-000000000003', '徐铮',   'CF', 'b'),
  ('22222222-2222-2222-2222-222222222222', '10000000-0000-0000-0000-00000000000a', '路人甲', 'GK', 'b'),
  ('22222222-2222-2222-2222-222222222222', '10000000-0000-0000-0000-00000000000b', '路人乙', 'CB', 'b');


-- ═══════════════════════════════════════════════════════════════
-- 11. Ratings — 虎扑式评分（QF1 + SF1）
--     使用真实 rater_id / ratee_id 以支持 my_match_history RPC
-- ═══════════════════════════════════════════════════════════════

-- QF1 — 9 名球员各获 3-5 条评分
insert into ratings (match_id, rater_id, ratee_id, score, comment, highlight) values
  -- 陈子睿 (avg ~8.7)
  ('22222222-2222-2222-2222-222222222222', '10000000-0000-0000-0000-000000000006', '10000000-0000-0000-0000-000000000001', 9.0, '那脚世界波抽射真的绝了，门将毫无反应', '2球1助'),
  ('22222222-2222-2222-2222-222222222222', '10000000-0000-0000-0000-000000000002', '10000000-0000-0000-0000-000000000001', 9.0, '配合意识满分，经常跑出空档等我传长球', null),
  ('22222222-2222-2222-2222-222222222222', '10000000-0000-0000-0000-00000000000c', '10000000-0000-0000-0000-000000000001', 8.5, '上半场有点独，好在下半场改了过来', null),
  ('22222222-2222-2222-2222-222222222222', '10000000-0000-0000-0000-000000000004', '10000000-0000-0000-0000-000000000001', 8.0, null, null),
  ('22222222-2222-2222-2222-222222222222', '10000000-0000-0000-0000-000000000009', '10000000-0000-0000-0000-000000000001', 9.0, null, null),
  -- 老王 (avg ~7.6)
  ('22222222-2222-2222-2222-222222222222', '10000000-0000-0000-0000-000000000009', '10000000-0000-0000-0000-000000000002', 8.0, '关键时刻几次神扑，配得上这个均分', '3次关键扑救'),
  ('22222222-2222-2222-2222-222222222222', '10000000-0000-0000-0000-000000000001', '10000000-0000-0000-0000-000000000002', 7.5, null, null),
  ('22222222-2222-2222-2222-222222222222', '10000000-0000-0000-0000-000000000006', '10000000-0000-0000-0000-000000000002', 7.0, null, null),
  ('22222222-2222-2222-2222-222222222222', '10000000-0000-0000-0000-000000000004', '10000000-0000-0000-0000-000000000002', 8.0, null, null),
  -- Kevin (avg ~7.3)
  ('22222222-2222-2222-2222-222222222222', '10000000-0000-0000-0000-000000000004', '10000000-0000-0000-0000-000000000006', 7.5, '左路防守稳，下半场那次助攻有想法', null),
  ('22222222-2222-2222-2222-222222222222', '10000000-0000-0000-0000-000000000001', '10000000-0000-0000-0000-000000000006', 7.0, null, null),
  ('22222222-2222-2222-2222-222222222222', '10000000-0000-0000-0000-000000000002', '10000000-0000-0000-0000-000000000006', 7.5, null, null),
  -- 阿泽 (avg ~7.1)
  ('22222222-2222-2222-2222-222222222222', '10000000-0000-0000-0000-000000000002', '10000000-0000-0000-0000-000000000009', 7.0, '解围果断，就是几次回追节奏慢了点', null),
  ('22222222-2222-2222-2222-222222222222', '10000000-0000-0000-0000-000000000001', '10000000-0000-0000-0000-000000000009', 7.5, null, null),
  ('22222222-2222-2222-2222-222222222222', '10000000-0000-0000-0000-000000000006', '10000000-0000-0000-0000-000000000009', 7.0, null, null),
  -- 林帅 (avg ~8.1)
  ('22222222-2222-2222-2222-222222222222', '10000000-0000-0000-0000-000000000001', '10000000-0000-0000-0000-000000000004', 8.5, '中场节拍器名不虚传，跑动覆盖满分', '全场跑动 9.8km'),
  ('22222222-2222-2222-2222-222222222222', '10000000-0000-0000-0000-000000000006', '10000000-0000-0000-0000-000000000004', 8.0, null, null),
  ('22222222-2222-2222-2222-222222222222', '10000000-0000-0000-0000-000000000002', '10000000-0000-0000-0000-000000000004', 8.0, null, null),
  ('22222222-2222-2222-2222-222222222222', '10000000-0000-0000-0000-000000000009', '10000000-0000-0000-0000-000000000004', 8.0, null, null),
  -- 江北 (avg ~6.8)
  ('22222222-2222-2222-2222-222222222222', '10000000-0000-0000-0000-00000000000c', '10000000-0000-0000-0000-000000000005', 7.0, '右路突破太急，传中质量还得再练', null),
  ('22222222-2222-2222-2222-222222222222', '10000000-0000-0000-0000-000000000001', '10000000-0000-0000-0000-000000000005', 6.5, null, null),
  ('22222222-2222-2222-2222-222222222222', '10000000-0000-0000-0000-000000000004', '10000000-0000-0000-0000-000000000005', 7.0, null, null),
  -- 徐铮 (avg ~7.4)
  ('22222222-2222-2222-2222-222222222222', '10000000-0000-0000-0000-00000000000d', '10000000-0000-0000-0000-000000000003', 7.5, '孤单的箭头，那个进球全靠自己单兵作战', '1球'),
  ('22222222-2222-2222-2222-222222222222', '10000000-0000-0000-0000-000000000001', '10000000-0000-0000-0000-000000000003', 7.5, null, null),
  ('22222222-2222-2222-2222-222222222222', '10000000-0000-0000-0000-000000000004', '10000000-0000-0000-0000-000000000003', 7.0, null, null),
  -- 路人甲 (avg ~5.2)
  ('22222222-2222-2222-2222-222222222222', '10000000-0000-0000-0000-000000000001', '10000000-0000-0000-0000-00000000000a', 5.0, '四次被单刀，这场真的扛不住', '被过 4 次'),
  ('22222222-2222-2222-2222-222222222222', '10000000-0000-0000-0000-000000000006', '10000000-0000-0000-0000-00000000000a', 5.5, null, null),
  ('22222222-2222-2222-2222-222222222222', '10000000-0000-0000-0000-000000000004', '10000000-0000-0000-0000-00000000000a', 5.0, null, null),
  -- 路人乙 (avg ~6.3)
  ('22222222-2222-2222-2222-222222222222', '10000000-0000-0000-0000-000000000005', '10000000-0000-0000-0000-00000000000b', 6.5, '防守动作偏大，几次犯规也是没办法', null),
  ('22222222-2222-2222-2222-222222222222', '10000000-0000-0000-0000-000000000001', '10000000-0000-0000-0000-00000000000b', 6.0, null, null),
  ('22222222-2222-2222-2222-222222222222', '10000000-0000-0000-0000-000000000006', '10000000-0000-0000-0000-00000000000b', 6.5, null, null);

-- SF1 — 陈子睿 + 徐铮评分（match history 需要）
insert into ratings (match_id, rater_id, ratee_id, score, comment, highlight)
select m.id, r.rater_id::uuid, r.ratee_id::uuid, r.score, r.comment, r.highlight
from matches m
cross join (values
  ('10000000-0000-0000-0000-000000000006', '10000000-0000-0000-0000-000000000001', 8.8::numeric, '半决赛 MVP，开场闪击', '1球'),
  ('10000000-0000-0000-0000-000000000002', '10000000-0000-0000-0000-000000000001', 9.0::numeric, null, null),
  ('10000000-0000-0000-0000-000000000004', '10000000-0000-0000-0000-000000000003', 8.0::numeric, null, '1球')
) as r(rater_id, ratee_id, score, comment, highlight)
where m.event_id = '11111111-1111-1111-1111-111111111111'
  and m.round = 'sf' and m.team_a_label = '青秀狼队' and m.done = true;

-- R16 青秀狼队 match — 陈子睿 rated（增加 match history 条目）
insert into ratings (match_id, rater_id, ratee_id, score, highlight)
select m.id,
  '10000000-0000-0000-0000-000000000004',
  '10000000-0000-0000-0000-000000000001',
  8.5, '2球'
from matches m
where m.event_id = '11111111-1111-1111-1111-111111111111'
  and m.round = 'r16' and m.team_a_label = '青秀狼队' and m.done = true
limit 1;


-- ═══════════════════════════════════════════════════════════════
-- 12. Rating likes
-- ═══════════════════════════════════════════════════════════════

-- 给陈子睿的第一条评论（Kevin 写的）点赞
insert into rating_likes (rating_id, user_id)
select r.id, liker.id
from ratings r
cross join (values
  ('10000000-0000-0000-0000-000000000002'::uuid),
  ('10000000-0000-0000-0000-000000000004'::uuid),
  ('10000000-0000-0000-0000-000000000009'::uuid),
  ('10000000-0000-0000-0000-000000000005'::uuid),
  ('10000000-0000-0000-0000-000000000008'::uuid)
) as liker(id)
where r.match_id = '22222222-2222-2222-2222-222222222222'
  and r.ratee_id = '10000000-0000-0000-0000-000000000001'
  and r.comment is not null
  and r.comment like '%世界波%'
on conflict do nothing;


-- ═══════════════════════════════════════════════════════════════
-- 13. Posts — 社交动态（Feed 中的 FeedPost 类型）
-- ═══════════════════════════════════════════════════════════════

insert into posts (author_id, body, tags, likes, comments, shares, created_at) values
  ('10000000-0000-0000-0000-000000000006',
   '今天凌晨的野球，和一群陌生人踢出了最默契的配合。右边后卫那哥们传球精准得像 PS5 手柄按 L1 三角。',
   array['野球日记', '青秀'], 24, 5, 2,
   now() - interval '3 hours'),
  ('10000000-0000-0000-0000-000000000001',
   '村超四强赛，3-1 干翻黑马！两个进球一个助攻，全场最佳实锤。今晚吃烧烤庆祝。',
   array['村超', '比赛日记'], 56, 12, 8,
   now() - interval '4 days 2 hours'),
  ('10000000-0000-0000-0000-000000000004',
   '有没有人明天早上来李宁体育园踢球？缺一个中场，水平中等偏上就行。',
   array['约球', '李宁体育园'], 8, 3, 1,
   now() - interval '1 day');


-- ═══════════════════════════════════════════════════════════════
-- 14. Conversations + messages — 聊天
-- ═══════════════════════════════════════════════════════════════

insert into conversations (id, kind, title, updated_at) values
  ('44444444-4444-4444-4444-000000000001', 'group', '青秀狼队群',       now() - interval '1 hour'),
  ('44444444-4444-4444-4444-000000000002', 'dm',    null,              now() - interval '2 hours'),
  ('44444444-4444-4444-4444-000000000003', 'group', '青秀村超官方',    now() - interval '6 hours'),
  ('44444444-4444-4444-4444-000000000004', 'dm',    null,              now() - interval '1 day'),
  ('44444444-4444-4444-4444-000000000005', 'dm',    null,              now() - interval '35 minutes'),
  ('44444444-4444-4444-4444-000000000006', 'group', '周末约球群',      now() - interval '3 hours');

-- 青秀狼队群成员
insert into conversation_members (conv_id, user_id, unread) values
  ('44444444-4444-4444-4444-000000000001', '10000000-0000-0000-0000-000000000001', 3),
  ('44444444-4444-4444-4444-000000000001', '10000000-0000-0000-0000-000000000002', 0),
  ('44444444-4444-4444-4444-000000000001', '10000000-0000-0000-0000-000000000006', 0),
  ('44444444-4444-4444-4444-000000000001', '10000000-0000-0000-0000-000000000009', 0),
  ('44444444-4444-4444-4444-000000000001', '10000000-0000-0000-0000-000000000004', 0),
  ('44444444-4444-4444-4444-000000000001', '10000000-0000-0000-0000-000000000005', 0),
  ('44444444-4444-4444-4444-000000000001', '10000000-0000-0000-0000-000000000008', 0);

-- Kevin DM
insert into conversation_members (conv_id, user_id, unread) values
  ('44444444-4444-4444-4444-000000000002', '10000000-0000-0000-0000-000000000001', 1),
  ('44444444-4444-4444-4444-000000000002', '10000000-0000-0000-0000-000000000006', 0);

-- 青秀村超官方
insert into conversation_members (conv_id, user_id, unread) values
  ('44444444-4444-4444-4444-000000000003', '10000000-0000-0000-0000-000000000001', 0);

-- 林帅 DM
insert into conversation_members (conv_id, user_id, unread) values
  ('44444444-4444-4444-4444-000000000004', '10000000-0000-0000-0000-000000000001', 0),
  ('44444444-4444-4444-4444-000000000004', '10000000-0000-0000-0000-000000000004', 0);

-- 张教练 DM
insert into conversation_members (conv_id, user_id, unread) values
  ('44444444-4444-4444-4444-000000000005', '10000000-0000-0000-0000-000000000001', 2),
  ('44444444-4444-4444-4444-000000000005', '10000000-0000-0000-0000-000000000007', 0);

-- 周末约球群
insert into conversation_members (conv_id, user_id, unread) values
  ('44444444-4444-4444-4444-000000000006', '10000000-0000-0000-0000-000000000001', 0),
  ('44444444-4444-4444-4444-000000000006', '10000000-0000-0000-0000-000000000002', 0),
  ('44444444-4444-4444-4444-000000000006', '10000000-0000-0000-0000-000000000004', 0),
  ('44444444-4444-4444-4444-000000000006', '10000000-0000-0000-0000-000000000006', 0),
  ('44444444-4444-4444-4444-000000000006', '10000000-0000-0000-0000-000000000009', 0);

-- Messages（禁用 trigger 避免重复更新 unread）
alter table public.messages disable trigger message_created;

insert into messages (conv_id, sender_id, body, kind, created_at) values
  -- 青秀狼队群
  ('44444444-4444-4444-4444-000000000001', '10000000-0000-0000-0000-000000000005',
   '教练说了对面右路比较弱 咱们重点打左路', 'text', now() - interval '2 hours'),
  ('44444444-4444-4444-4444-000000000001', '10000000-0000-0000-0000-000000000002',
   '周六记得提前半小时到场热身', 'text', now() - interval '1 hour'),
  ('44444444-4444-4444-4444-000000000001', '10000000-0000-0000-0000-000000000004',
   '收到，我带两箱水过来', 'text', now() - interval '58 minutes'),
  ('44444444-4444-4444-4444-000000000001', '10000000-0000-0000-0000-000000000001',
   '上次那个阵型调一下，江北改打右后卫', 'text', now() - interval '50 minutes'),
  ('44444444-4444-4444-4444-000000000001', '10000000-0000-0000-0000-000000000009',
   '好的队长 我热身多跑两圈', 'text', now() - interval '45 minutes'),
  -- Kevin DM
  ('44444444-4444-4444-4444-000000000002', '10000000-0000-0000-0000-000000000001',
   '今晚李宁体育园那场你去不？', 'text', now() - interval '3 hours'),
  ('44444444-4444-4444-4444-000000000002', '10000000-0000-0000-0000-000000000006',
   '去啊 我已经报名了', 'text', now() - interval '2 hours 50 minutes'),
  ('44444444-4444-4444-4444-000000000002', '10000000-0000-0000-0000-000000000006',
   '兄弟今晚的球还缺人吗？', 'text', now() - interval '2 hours'),
  -- 青秀村超官方
  ('44444444-4444-4444-4444-000000000003', null,
   '你报名的队伍已通过审核，请准时参加比赛。', 'system', now() - interval '6 hours'),
  ('44444444-4444-4444-4444-000000000003', null,
   '青秀村超第 5 轮赛程已公布，请查看最新对阵安排。', 'system', now() - interval '3 days'),
  -- 林帅 DM
  ('44444444-4444-4444-4444-000000000004', '10000000-0000-0000-0000-000000000004',
   '那个传中球你回看了没哈哈', 'text', now() - interval '1 day'),
  ('44444444-4444-4444-4444-000000000004', '10000000-0000-0000-0000-000000000001',
   '看了看了 笑死 我以为你要射门结果一个大脚传中', 'text', now() - interval '23 hours'),
  ('44444444-4444-4444-4444-000000000004', '10000000-0000-0000-0000-000000000004',
   '下次配合好一点 我传你头球抢点', 'text', now() - interval '22 hours'),
  -- 张教练 DM
  ('44444444-4444-4444-4444-000000000005', '10000000-0000-0000-0000-000000000007',
   '子睿，周六的比赛你的体测数据我看了，冲刺速度不错', 'text', now() - interval '40 minutes'),
  ('44444444-4444-4444-4444-000000000005', '10000000-0000-0000-0000-000000000007',
   '下半场注意体能分配，别前30分钟就跑没了', 'text', now() - interval '35 minutes'),
  -- 周末约球群
  ('44444444-4444-4444-4444-000000000006', '10000000-0000-0000-0000-000000000002',
   '这周日下午有人踢吗？', 'text', now() - interval '4 hours'),
  ('44444444-4444-4444-4444-000000000006', '10000000-0000-0000-0000-000000000009',
   '我可以 几点？', 'text', now() - interval '3 hours 45 minutes'),
  ('44444444-4444-4444-4444-000000000006', '10000000-0000-0000-0000-000000000006',
   '3点吧 老地方李宁体育园', 'text', now() - interval '3 hours 30 minutes'),
  ('44444444-4444-4444-4444-000000000006', '10000000-0000-0000-0000-000000000004',
   '算我一个', 'text', now() - interval '3 hours 15 minutes'),
  ('44444444-4444-4444-4444-000000000006', '10000000-0000-0000-0000-000000000001',
   '我也来 到时候分队', 'text', now() - interval '3 hours');

alter table public.messages enable trigger message_created;


-- ═══════════════════════════════════════════════════════════════
-- 15. Notifications — 站内通知（绑定到陈子睿）
-- ═══════════════════════════════════════════════════════════════

insert into notifications (user_id, type, title, body, icon, route, read, created_at) values
  -- 未读 · 比赛
  ('10000000-0000-0000-0000-000000000001', 'match',
   '青秀狼队 vs FC 黑马 即将开始', '青秀村超小组赛第5轮 · 今天 19:30 · 请提前到场',
   'timer', '/event/11111111-1111-1111-1111-111111111111', false, now() - interval '20 minutes'),
  ('10000000-0000-0000-0000-000000000001', 'match',
   '邕企杯赛程更新', '你关注的邕企杯 · 春季第 3 轮对阵已公布',
   'schedule', '/event/11111111-1111-1111-1111-222222222222', false, now() - interval '3 hours'),
  -- 未读 · 评分
  ('10000000-0000-0000-0000-000000000001', 'rating',
   '你被评为全场最佳', '青秀村超 QF 中获得 8.7 均分，142 次评分',
   'star', '/events', false, now() - interval '30 minutes'),
  ('10000000-0000-0000-0000-000000000001', 'rating',
   '收到新的赛后评分', '徐铮给你打了 8.5 分并评价："前插跑位意识很好"',
   'star', '/archive', false, now() - interval '5 hours'),
  -- 未读 · 约球
  ('10000000-0000-0000-0000-000000000001', 'pickup',
   '老王发起了新约球', '广西体育中心 5号场 · 今晚 19:30 · 缺3人',
   'sports_soccer', '/pickup/40000000-0000-0000-0000-000000000001', false, now() - interval '2 hours'),
  ('10000000-0000-0000-0000-000000000001', 'pickup',
   '你报名的约球人满了', '李宁体育园足球场 · 明天 07:00 · 12/12 已满员',
   'check_circle', '/pickup/40000000-0000-0000-0000-000000000002', false, now() - interval '1 hour'),
  -- 未读 · 关注
  ('10000000-0000-0000-0000-000000000001', 'follow',
   '徐铮 开始关注你', '你们有 3 个共同好友',
   'person_add', null, false, now() - interval '45 minutes'),
  -- 已读 · 比赛
  ('10000000-0000-0000-0000-000000000001', 'match',
   '比赛结果：青秀狼队 3-1 良庆渔民', '青秀村超小组赛第4轮 · 你贡献 1 球 1 助攻',
   'emoji_events', '/event/11111111-1111-1111-1111-111111111111', true, now() - interval '2 days'),
  ('10000000-0000-0000-0000-000000000001', 'match',
   '邕江夜联赛报名已开放', '7v7 业余联赛 · 报名截止还剩 11 天',
   'how_to_reg', '/event/11111111-1111-1111-1111-333333333333', true, now() - interval '3 days'),
  -- 已读 · 评分
  ('10000000-0000-0000-0000-000000000001', 'rating',
   '上轮比赛评分已出炉', '你在青秀村超第4轮获得 7.9 分，排名队内第 2',
   'star', '/archive', true, now() - interval '2 days 4 hours'),
  -- 已读 · 约球
  ('10000000-0000-0000-0000-000000000001', 'pickup',
   '张教练发起了周末训练', '南宁市体育场 · 周六 15:00 · 欢迎各水平球友',
   'sports_soccer', '/pickup/40000000-0000-0000-0000-000000000003', true, now() - interval '1 day'),
  ('10000000-0000-0000-0000-000000000001', 'pickup',
   '林帅的约球取消了', '人民公园足球场 · 因场地维护临时取消',
   'cancel', '/pickup', true, now() - interval '4 days'),
  -- 已读 · 关注
  ('10000000-0000-0000-0000-000000000001', 'follow',
   'Kevin 开始关注你', '你现在有 1 位关注者',
   'person_add', null, true, now() - interval '5 days'),
  -- 已读 · 系统
  ('10000000-0000-0000-0000-000000000001', 'system',
   '你的球员档案已更新', '赛季数据同步完成：12 场比赛 · 8 球 · 5 助攻',
   'sync', '/archive', true, now() - interval '1 day 6 hours'),
  ('10000000-0000-0000-0000-000000000001', 'system',
   '社区公约提醒', '请遵守球场礼仪，尊重裁判和对手，共建友好足球社区',
   'info', null, true, now() - interval '5 days'),
  ('10000000-0000-0000-0000-000000000001', 'system',
   '欢迎加入球局', '你已成功注册球局账号，快去找场球踢吧！',
   'celebration', null, true, now() - interval '14 days');


-- ═══════════════════════════════════════════════════════════════
-- 16. Predictions — 世界杯竞猜
-- ═══════════════════════════════════════════════════════════════

insert into predictions (user_id, match_id, choice, stake) values
  ('10000000-0000-0000-0000-000000000001', '33333333-3333-3333-3333-000000000001', 'A', 200),
  ('10000000-0000-0000-0000-000000000002', '33333333-3333-3333-3333-000000000001', 'A', 100),
  ('10000000-0000-0000-0000-000000000004', '33333333-3333-3333-3333-000000000001', 'B', 150),
  ('10000000-0000-0000-0000-000000000006', '33333333-3333-3333-3333-000000000001', 'draw', 80),
  ('10000000-0000-0000-0000-000000000009', '33333333-3333-3333-3333-000000000001', 'A', 120),
  ('10000000-0000-0000-0000-000000000001', '33333333-3333-3333-3333-000000000002', 'B', 100),
  ('10000000-0000-0000-0000-000000000001', '33333333-3333-3333-3333-000000000003', 'draw', 50)
on conflict (user_id, match_id) do nothing;


-- ═══════════════════════════════════════════════════════════════
-- 17. Sanity checks
-- ═══════════════════════════════════════════════════════════════

select 'profiles'         as entity, count(*)::text as n from profiles where id::text like '10000000-%'
union all select 'player_attrs',  count(*)::text from player_attributes where user_id::text like '10000000-%'
union all select 'player_honors', count(*)::text from player_honors where user_id::text like '10000000-%'
union all select 'pickups',       count(*)::text from pickups where id::text like '40000000-%'
union all select 'pickup_slots',  count(*)::text from pickup_slots where pickup_id::text like '40000000-%'
union all select 'events',        count(*)::text from events where id::text like '11111111-%'
union all select 'teams',         count(*)::text from teams where event_id::text like '11111111-%'
union all select 'matches',       count(*)::text from matches where event_id::text like '11111111-%'
union all select 'matches_done',  count(*)::text from matches where event_id::text like '11111111-%' and done
union all select 'matches_live',  count(*)::text from matches where event_id::text like '11111111-%' and is_live
union all select 'ext_matches',   count(*)::text from external_matches where id::text like '33333333-%'
union all select 'goals',         count(*)::text from goals where match_id in (select id from matches where event_id::text like '11111111-%')
union all select 'ratings',       count(*)::text from ratings where match_id in (select id from matches where event_id::text like '11111111-%')
union all select 'posts',         count(*)::text from posts where author_id::text like '10000000-%'
union all select 'conversations', count(*)::text from conversations where id::text like '44444444-%'
union all select 'messages',      count(*)::text from messages where conv_id::text like '44444444-%'
union all select 'notifications', count(*)::text from notifications where user_id = '10000000-0000-0000-0000-000000000001'
union all select 'predictions',   count(*)::text from predictions where user_id::text like '10000000-%';

-- ===== Articles seed =====
INSERT INTO articles (id, author_id, title, summary, category, read_time_min, view_count, comment_count, created_at) VALUES
  ('a0000000-0000-0000-0000-000000000001', (SELECT id FROM profiles LIMIT 1),
   '春季联赛8强前瞻：飞虎 vs 雷霆', '深度解析两队战术体系与关键球员对位分析',
   'analysis', 5, 326, 18, now() - interval '2 hours'),
  ('a0000000-0000-0000-0000-000000000002', (SELECT id FROM profiles LIMIT 1),
   '提升反手高远球的5个关键要点', '从握拍到发力，系统讲解反手技术提升路径',
   'tutorial', 8, 1200, 45, now() - interval '6 hours'),
  ('a0000000-0000-0000-0000-000000000003', (SELECT id FROM profiles LIMIT 1),
   '业余选手体能训练指南', '科学的体能训练方案，帮助你在场上保持竞技状态',
   'tutorial', 10, 890, 32, now() - interval '1 day');

-- ===== Update existing posts with activity data =====
UPDATE posts SET match_count = 3, win_count = 3, play_duration = 90, venue = '南山体育中心'
WHERE id = (SELECT id FROM posts ORDER BY created_at DESC LIMIT 1);
