-- demo.sql — 测试账户 seed（在 0001_schema.sql 之后执行）
-- 统一密码: kaiqiu
--
-- 插入 auth.users 后 handle_new_user trigger 会自动创建 profiles。
-- 之后再 UPDATE profiles 补充 city / position 等字段。

-- ═══════════════════════════════════════════════════════════════
-- 0. 清空旧数据，确保幂等（禁用 FK 检查后逐表清理）
-- ═══════════════════════════════════════════════════════════════

SET session_replication_role = replica;

DELETE FROM public.notifications;
DELETE FROM public.team_members;
DELETE FROM public.rating_likes;
DELETE FROM public.ratings;
DELETE FROM public.goals;
DELETE FROM public.match_participants;
DELETE FROM public.matches;
DELETE FROM public.teams;
DELETE FROM public.events;
DELETE FROM public.pickups;
DELETE FROM public.pickup_slots;
DELETE FROM public.posts;
DELETE FROM public.articles;
DELETE FROM public.venues;
DELETE FROM public.profiles;
DELETE FROM auth.identities;
DELETE FROM auth.sessions;
DELETE FROM auth.refresh_tokens;
DELETE FROM auth.users;

SET session_replication_role = DEFAULT;

-- ═══════════════════════════════════════════════════════════════
-- 1. auth.users — 13 个测试账户
-- ═══════════════════════════════════════════════════════════════

INSERT INTO auth.users (
  id, instance_id, aud, role, email, encrypted_password,
  email_confirmed_at, last_sign_in_at,
  raw_app_meta_data, raw_user_meta_data,
  created_at, updated_at,
  confirmation_token, email_change, email_change_token_new, recovery_token
) VALUES
  ('10000000-0000-0000-0000-000000000001','00000000-0000-0000-0000-000000000000','authenticated','authenticated','demo-chenzirui@qiuju.local', crypt('kaiqiu',gen_salt('bf')), now(),now(), '{"provider":"email","providers":["email"]}'::jsonb, '{"name":"陈子睿"}'::jsonb,  now(),now(),'','','',''),
  ('10000000-0000-0000-0000-000000000002','00000000-0000-0000-0000-000000000000','authenticated','authenticated','demo-laowang@qiuju.local',   crypt('kaiqiu',gen_salt('bf')), now(),now(), '{"provider":"email","providers":["email"]}'::jsonb, '{"name":"老王"}'::jsonb,    now(),now(),'','','',''),
  ('10000000-0000-0000-0000-000000000003','00000000-0000-0000-0000-000000000000','authenticated','authenticated','demo-xuzheng@qiuju.local',   crypt('kaiqiu',gen_salt('bf')), now(),now(), '{"provider":"email","providers":["email"]}'::jsonb, '{"name":"徐铮"}'::jsonb,    now(),now(),'','','',''),
  ('10000000-0000-0000-0000-000000000004','00000000-0000-0000-0000-000000000000','authenticated','authenticated','demo-linshuai@qiuju.local',  crypt('kaiqiu',gen_salt('bf')), now(),now(), '{"provider":"email","providers":["email"]}'::jsonb, '{"name":"林帅"}'::jsonb,    now(),now(),'','','',''),
  ('10000000-0000-0000-0000-000000000005','00000000-0000-0000-0000-000000000000','authenticated','authenticated','demo-jiangbei@qiuju.local',  crypt('kaiqiu',gen_salt('bf')), now(),now(), '{"provider":"email","providers":["email"]}'::jsonb, '{"name":"江北"}'::jsonb,    now(),now(),'','','',''),
  ('10000000-0000-0000-0000-000000000006','00000000-0000-0000-0000-000000000000','authenticated','authenticated','demo-kevin@qiuju.local',     crypt('kaiqiu',gen_salt('bf')), now(),now(), '{"provider":"email","providers":["email"]}'::jsonb, '{"name":"Kevin"}'::jsonb,   now(),now(),'','','',''),
  ('10000000-0000-0000-0000-000000000007','00000000-0000-0000-0000-000000000000','authenticated','authenticated','demo-coach@qiuju.local',     crypt('kaiqiu',gen_salt('bf')), now(),now(), '{"provider":"email","providers":["email"]}'::jsonb, '{"name":"张教练"}'::jsonb,  now(),now(),'','','',''),
  ('10000000-0000-0000-0000-000000000008','00000000-0000-0000-0000-000000000000','authenticated','authenticated','demo-xiaozhao@qiuju.local',  crypt('kaiqiu',gen_salt('bf')), now(),now(), '{"provider":"email","providers":["email"]}'::jsonb, '{"name":"小赵"}'::jsonb,    now(),now(),'','','',''),
  ('10000000-0000-0000-0000-000000000009','00000000-0000-0000-0000-000000000000','authenticated','authenticated','demo-aze@qiuju.local',       crypt('kaiqiu',gen_salt('bf')), now(),now(), '{"provider":"email","providers":["email"]}'::jsonb, '{"name":"阿泽"}'::jsonb,    now(),now(),'','','',''),
  ('10000000-0000-0000-0000-00000000000a','00000000-0000-0000-0000-000000000000','authenticated','authenticated','demo-lurenjia@qiuju.local',  crypt('kaiqiu',gen_salt('bf')), now(),now(), '{"provider":"email","providers":["email"]}'::jsonb, '{"name":"路人甲"}'::jsonb,  now(),now(),'','','',''),
  ('10000000-0000-0000-0000-00000000000b','00000000-0000-0000-0000-000000000000','authenticated','authenticated','demo-lurenyi@qiuju.local',   crypt('kaiqiu',gen_salt('bf')), now(),now(), '{"provider":"email","providers":["email"]}'::jsonb, '{"name":"路人乙"}'::jsonb,  now(),now(),'','','',''),
  ('10000000-0000-0000-0000-00000000000c','00000000-0000-0000-0000-000000000000','authenticated','authenticated','demo-lurenbing@qiuju.local', crypt('kaiqiu',gen_salt('bf')), now(),now(), '{"provider":"email","providers":["email"]}'::jsonb, '{"name":"路人丙"}'::jsonb,  now(),now(),'','','',''),
  ('10000000-0000-0000-0000-00000000000d','00000000-0000-0000-0000-000000000000','authenticated','authenticated','demo-lurending@qiuju.local', crypt('kaiqiu',gen_salt('bf')), now(),now(), '{"provider":"email","providers":["email"]}'::jsonb, '{"name":"路人丁"}'::jsonb,  now(),now(),'','','',''),
  ('10000000-0000-0000-0000-00000000000e','00000000-0000-0000-0000-000000000000','authenticated','authenticated','demo-daliu@qiuju.local',     crypt('kaiqiu',gen_salt('bf')), now(),now(), '{"provider":"email","providers":["email"]}'::jsonb, '{"name":"大刘"}'::jsonb,    now(),now(),'','','',''),
  ('10000000-0000-0000-0000-00000000000f','00000000-0000-0000-0000-000000000000','authenticated','authenticated','demo-xiaohuang@qiuju.local',  crypt('kaiqiu',gen_salt('bf')), now(),now(), '{"provider":"email","providers":["email"]}'::jsonb, '{"name":"小黄"}'::jsonb,    now(),now(),'','','',''),
  ('10000000-0000-0000-0000-000000000010','00000000-0000-0000-0000-000000000000','authenticated','authenticated','demo-mage@qiuju.local',       crypt('kaiqiu',gen_salt('bf')), now(),now(), '{"provider":"email","providers":["email"]}'::jsonb, '{"name":"马哥"}'::jsonb,    now(),now(),'','','',''),
  ('10000000-0000-0000-0000-000000000011','00000000-0000-0000-0000-000000000000','authenticated','authenticated','demo-ajie@qiuju.local',       crypt('kaiqiu',gen_salt('bf')), now(),now(), '{"provider":"email","providers":["email"]}'::jsonb, '{"name":"阿杰"}'::jsonb,    now(),now(),'','','',''),
  ('10000000-0000-0000-0000-000000000012','00000000-0000-0000-0000-000000000000','authenticated','authenticated','demo-feige@qiuju.local',      crypt('kaiqiu',gen_salt('bf')), now(),now(), '{"provider":"email","providers":["email"]}'::jsonb, '{"name":"飞哥"}'::jsonb,    now(),now(),'','','',''),
  ('10000000-0000-0000-0000-000000000013','00000000-0000-0000-0000-000000000000','authenticated','authenticated','demo-laoli@qiuju.local',      crypt('kaiqiu',gen_salt('bf')), now(),now(), '{"provider":"email","providers":["email"]}'::jsonb, '{"name":"老李"}'::jsonb,    now(),now(),'','','',''),
  ('10000000-0000-0000-0000-000000000014','00000000-0000-0000-0000-000000000000','authenticated','authenticated','demo-aqiang@qiuju.local',     crypt('kaiqiu',gen_salt('bf')), now(),now(), '{"provider":"email","providers":["email"]}'::jsonb, '{"name":"阿强"}'::jsonb,    now(),now(),'','','',''),
  ('10000000-0000-0000-0000-000000000015','00000000-0000-0000-0000-000000000000','authenticated','authenticated','demo-xiaochen@qiuju.local',   crypt('kaiqiu',gen_salt('bf')), now(),now(), '{"provider":"email","providers":["email"]}'::jsonb, '{"name":"小陈"}'::jsonb,    now(),now(),'','','',''),
  ('10000000-0000-0000-0000-000000000016','00000000-0000-0000-0000-000000000000','authenticated','authenticated','demo-panghu@qiuju.local',     crypt('kaiqiu',gen_salt('bf')), now(),now(), '{"provider":"email","providers":["email"]}'::jsonb, '{"name":"胖虎"}'::jsonb,    now(),now(),'','','','');

-- ═══════════════════════════════════════════════════════════════
-- 2. auth.identities — 邮箱登录所需（每人一条 email provider 记录）
-- ═══════════════════════════════════════════════════════════════

INSERT INTO auth.identities (id, user_id, identity_data, provider, provider_id, last_sign_in_at, created_at, updated_at)
VALUES
  (gen_random_uuid(), '10000000-0000-0000-0000-000000000001', jsonb_build_object('sub','10000000-0000-0000-0000-000000000001','email','demo-chenzirui@qiuju.local'), 'email', '10000000-0000-0000-0000-000000000001', now(), now(), now()),
  (gen_random_uuid(), '10000000-0000-0000-0000-000000000002', jsonb_build_object('sub','10000000-0000-0000-0000-000000000002','email','demo-laowang@qiuju.local'),   'email', '10000000-0000-0000-0000-000000000002', now(), now(), now()),
  (gen_random_uuid(), '10000000-0000-0000-0000-000000000003', jsonb_build_object('sub','10000000-0000-0000-0000-000000000003','email','demo-xuzheng@qiuju.local'),   'email', '10000000-0000-0000-0000-000000000003', now(), now(), now()),
  (gen_random_uuid(), '10000000-0000-0000-0000-000000000004', jsonb_build_object('sub','10000000-0000-0000-0000-000000000004','email','demo-linshuai@qiuju.local'),  'email', '10000000-0000-0000-0000-000000000004', now(), now(), now()),
  (gen_random_uuid(), '10000000-0000-0000-0000-000000000005', jsonb_build_object('sub','10000000-0000-0000-0000-000000000005','email','demo-jiangbei@qiuju.local'),  'email', '10000000-0000-0000-0000-000000000005', now(), now(), now()),
  (gen_random_uuid(), '10000000-0000-0000-0000-000000000006', jsonb_build_object('sub','10000000-0000-0000-0000-000000000006','email','demo-kevin@qiuju.local'),     'email', '10000000-0000-0000-0000-000000000006', now(), now(), now()),
  (gen_random_uuid(), '10000000-0000-0000-0000-000000000007', jsonb_build_object('sub','10000000-0000-0000-0000-000000000007','email','demo-coach@qiuju.local'),     'email', '10000000-0000-0000-0000-000000000007', now(), now(), now()),
  (gen_random_uuid(), '10000000-0000-0000-0000-000000000008', jsonb_build_object('sub','10000000-0000-0000-0000-000000000008','email','demo-xiaozhao@qiuju.local'),  'email', '10000000-0000-0000-0000-000000000008', now(), now(), now()),
  (gen_random_uuid(), '10000000-0000-0000-0000-000000000009', jsonb_build_object('sub','10000000-0000-0000-0000-000000000009','email','demo-aze@qiuju.local'),       'email', '10000000-0000-0000-0000-000000000009', now(), now(), now()),
  (gen_random_uuid(), '10000000-0000-0000-0000-00000000000a', jsonb_build_object('sub','10000000-0000-0000-0000-00000000000a','email','demo-lurenjia@qiuju.local'),  'email', '10000000-0000-0000-0000-00000000000a', now(), now(), now()),
  (gen_random_uuid(), '10000000-0000-0000-0000-00000000000b', jsonb_build_object('sub','10000000-0000-0000-0000-00000000000b','email','demo-lurenyi@qiuju.local'),   'email', '10000000-0000-0000-0000-00000000000b', now(), now(), now()),
  (gen_random_uuid(), '10000000-0000-0000-0000-00000000000c', jsonb_build_object('sub','10000000-0000-0000-0000-00000000000c','email','demo-lurenbing@qiuju.local'), 'email', '10000000-0000-0000-0000-00000000000c', now(), now(), now()),
  (gen_random_uuid(), '10000000-0000-0000-0000-00000000000d', jsonb_build_object('sub','10000000-0000-0000-0000-00000000000d','email','demo-lurending@qiuju.local'), 'email', '10000000-0000-0000-0000-00000000000d', now(), now(), now()),
  (gen_random_uuid(), '10000000-0000-0000-0000-00000000000e', jsonb_build_object('sub','10000000-0000-0000-0000-00000000000e','email','demo-daliu@qiuju.local'),     'email', '10000000-0000-0000-0000-00000000000e', now(), now(), now()),
  (gen_random_uuid(), '10000000-0000-0000-0000-00000000000f', jsonb_build_object('sub','10000000-0000-0000-0000-00000000000f','email','demo-xiaohuang@qiuju.local'),  'email', '10000000-0000-0000-0000-00000000000f', now(), now(), now()),
  (gen_random_uuid(), '10000000-0000-0000-0000-000000000010', jsonb_build_object('sub','10000000-0000-0000-0000-000000000010','email','demo-mage@qiuju.local'),       'email', '10000000-0000-0000-0000-000000000010', now(), now(), now()),
  (gen_random_uuid(), '10000000-0000-0000-0000-000000000011', jsonb_build_object('sub','10000000-0000-0000-0000-000000000011','email','demo-ajie@qiuju.local'),       'email', '10000000-0000-0000-0000-000000000011', now(), now(), now()),
  (gen_random_uuid(), '10000000-0000-0000-0000-000000000012', jsonb_build_object('sub','10000000-0000-0000-0000-000000000012','email','demo-feige@qiuju.local'),      'email', '10000000-0000-0000-0000-000000000012', now(), now(), now()),
  (gen_random_uuid(), '10000000-0000-0000-0000-000000000013', jsonb_build_object('sub','10000000-0000-0000-0000-000000000013','email','demo-laoli@qiuju.local'),      'email', '10000000-0000-0000-0000-000000000013', now(), now(), now()),
  (gen_random_uuid(), '10000000-0000-0000-0000-000000000014', jsonb_build_object('sub','10000000-0000-0000-0000-000000000014','email','demo-aqiang@qiuju.local'),     'email', '10000000-0000-0000-0000-000000000014', now(), now(), now()),
  (gen_random_uuid(), '10000000-0000-0000-0000-000000000015', jsonb_build_object('sub','10000000-0000-0000-0000-000000000015','email','demo-xiaochen@qiuju.local'),   'email', '10000000-0000-0000-0000-000000000015', now(), now(), now()),
  (gen_random_uuid(), '10000000-0000-0000-0000-000000000016', jsonb_build_object('sub','10000000-0000-0000-0000-000000000016','email','demo-panghu@qiuju.local'),     'email', '10000000-0000-0000-0000-000000000016', now(), now(), now());

-- ═══════════════════════════════════════════════════════════════
-- 3. profiles 补充信息（trigger 只写了 id + name，这里补 city/position 等）
-- ═══════════════════════════════════════════════════════════════

UPDATE public.profiles SET city = '南宁市', position = 'ST'  WHERE id = '10000000-0000-0000-0000-000000000001';
UPDATE public.profiles SET city = '南宁市', position = 'GK'  WHERE id = '10000000-0000-0000-0000-000000000002';
UPDATE public.profiles SET city = '南宁市', position = 'CB'  WHERE id = '10000000-0000-0000-0000-000000000003';
UPDATE public.profiles SET city = '南宁市', position = 'CM'  WHERE id = '10000000-0000-0000-0000-000000000004';
UPDATE public.profiles SET city = '南宁市', position = 'LW'  WHERE id = '10000000-0000-0000-0000-000000000005';
UPDATE public.profiles SET city = '深圳市', position = 'RW'  WHERE id = '10000000-0000-0000-0000-000000000006';
UPDATE public.profiles SET city = '深圳市', position = 'CM'  WHERE id = '10000000-0000-0000-0000-000000000007';
UPDATE public.profiles SET city = '深圳市', position = 'LB'  WHERE id = '10000000-0000-0000-0000-000000000008';
UPDATE public.profiles SET city = '北京市', position = 'RB'  WHERE id = '10000000-0000-0000-0000-000000000009';
UPDATE public.profiles SET city = '北京市'                    WHERE id = '10000000-0000-0000-0000-00000000000a';
UPDATE public.profiles SET city = '北京市'                    WHERE id = '10000000-0000-0000-0000-00000000000b';
UPDATE public.profiles SET city = '广州市'                    WHERE id = '10000000-0000-0000-0000-00000000000c';
UPDATE public.profiles SET city = '广州市'                    WHERE id = '10000000-0000-0000-0000-00000000000d';
UPDATE public.profiles SET city = '南宁市', position = 'CM'  WHERE id = '10000000-0000-0000-0000-00000000000e';
UPDATE public.profiles SET city = '南宁市', position = 'CDM' WHERE id = '10000000-0000-0000-0000-00000000000f';
UPDATE public.profiles SET city = '南宁市', position = 'CB'  WHERE id = '10000000-0000-0000-0000-000000000010';
UPDATE public.profiles SET city = '深圳市', position = 'RW'  WHERE id = '10000000-0000-0000-0000-000000000011';
UPDATE public.profiles SET city = '深圳市', position = 'CAM' WHERE id = '10000000-0000-0000-0000-000000000012';
UPDATE public.profiles SET city = '深圳市', position = 'GK'  WHERE id = '10000000-0000-0000-0000-000000000013';
UPDATE public.profiles SET city = '北京市', position = 'CB'  WHERE id = '10000000-0000-0000-0000-000000000014';
UPDATE public.profiles SET city = '北京市', position = 'LB'  WHERE id = '10000000-0000-0000-0000-000000000015';
UPDATE public.profiles SET city = '广州市', position = 'CDM' WHERE id = '10000000-0000-0000-0000-000000000016';

-- ═══════════════════════════════════════════════════════════════
-- 4. demo 约球（南宁 3 条、深圳 2 条、北京 1 条）
-- ═══════════════════════════════════════════════════════════════

INSERT INTO public.pickups (id, host_id, host_name, title, venue, address, lat, lng, start_at, duration_min, total, need, level, fee_cents, formation, field_type, status, city, time_label)
VALUES
  (gen_random_uuid(), '10000000-0000-0000-0000-000000000001', '陈子睿', '周三晚场', '五象总部基地', '总部基地地铁站K口步行440米', 22.7690, 108.3920, now() + interval '1 day' + time '19:30', 90, 11, 8, 'intermediate', 5000, '4-3-3', '11人制', 'open', '南宁市', '明晚 19:30'),
  (gen_random_uuid(), '10000000-0000-0000-0000-000000000002', '老王',   '免费野球', '李宁体育公园', '青秀区凤岭南路16号', 22.8100, 108.4050, now() + interval '2 days' + time '18:00', 120, 10, 6, 'beginner', 0, '4-3-3', '11人制', 'open', '南宁市', '后天 18:00'),
  (gen_random_uuid(), '10000000-0000-0000-0000-000000000004', '林帅',   '周末约一场', '广西体育中心', '良庆区五象大道东段', 22.7850, 108.3700, now() + interval '3 days' + time '09:00', 90, 14, 10, 'intermediate', 3000, '4-4-2', '11人制', 'open', '南宁市', '周末 09:00'),
  (gen_random_uuid(), '10000000-0000-0000-0000-000000000006', 'Kevin',  '莲花山约球', '莲花山足球场', '福田区莲花路', 22.5560, 114.0580, now() + interval '1 day' + time '20:00', 90, 11, 7, 'advanced', 8000, '4-3-3', '11人制', 'open', '深圳市', '明晚 20:00'),
  (gen_random_uuid(), '10000000-0000-0000-0000-000000000007', '张教练', '教练带队训练', '深圳湾体育中心', '南山区滨海大道', 22.5200, 113.9450, now() + interval '2 days' + time '16:00', 120, 16, 12, 'beginner', 0, '3-5-2', '11人制', 'open', '深圳市', '后天 16:00'),
  (gen_random_uuid(), '10000000-0000-0000-0000-000000000009', '阿泽',   '工体夜场', '工人体育场', '朝阳区工人体育场北路', 39.9310, 116.4430, now() + interval '1 day' + time '21:00', 90, 10, 5, 'intermediate', 6000, '4-3-3', '8人制', 'open', '北京市', '明晚 21:00');

-- ═══════════════════════════════════════════════════════════════
-- 4b. demo 场馆（南宁 3 条、深圳 2 条、北京 1 条）
-- ═══════════════════════════════════════════════════════════════

INSERT INTO public.venues (owner_id, name, venue_type, sport_type, address, city, lat, lng, field_type, field_count, price_per_hour_cents, facilities, opening_hours, status, description)
VALUES
  ('10000000-0000-0000-0000-000000000001', '五象总部基地足球场', 'private', 'football', '总部基地地铁站K口步行440米', '南宁市', 22.7690, 108.3920, 'outdoor', 2, 15000, ARRAY['灯光','停车场','更衣室','饮水'], '08:00-22:00', 'active', '五象新区最大的足球场，双标准场，人工草皮质量好'),
  ('10000000-0000-0000-0000-000000000002', '李宁体育公园', 'public', 'football', '青秀区凤岭南路16号', '南宁市', 22.8100, 108.4050, 'outdoor', 3, 0, ARRAY['灯光','停车场','洗手间','观众席'], NULL, 'active', '公共免费球场，场地开阔，先到先得'),
  ('10000000-0000-0000-0000-000000000004', '广西体育中心足球场', 'private', 'football', '良庆区五象大道东段', '南宁市', 22.7850, 108.3700, 'outdoor', 4, 20000, ARRAY['灯光','停车场','更衣室','淋浴','饮水','观众席'], '06:00-23:00', 'active', '专业级别场地，承办过多次市级赛事'),
  ('10000000-0000-0000-0000-000000000006', '莲花山足球场', 'private', 'football', '福田区莲花路', '深圳市', 22.5560, 114.0580, 'outdoor', 2, 18000, ARRAY['灯光','停车场','更衣室','饮水'], '07:00-22:30', 'active', '莲花山脚下，交通便利，约球热门场地'),
  ('10000000-0000-0000-0000-000000000007', '深圳湾体育中心', 'public', 'football', '南山区滨海大道', '深圳市', 22.5200, 113.9450, 'outdoor', 5, 0, ARRAY['灯光','停车场','洗手间','淋浴','观众席','WiFi'], NULL, 'active', '市级公共体育中心，设施齐全'),
  ('10000000-0000-0000-0000-000000000009', '工人体育场训练场', 'private', 'football', '朝阳区工人体育场北路', '北京市', 39.9310, 116.4430, 'outdoor', 2, 25000, ARRAY['灯光','停车场','更衣室','淋浴','储物柜'], '08:00-22:00', 'active', '工体旁边的训练场，夜场灯光好');

-- ═══════════════════════════════════════════════════════════════
-- 4c. demo 赛事（固定 UUID，方便后续引用）
-- ═══════════════════════════════════════════════════════════════

INSERT INTO public.events (id, creator_id, name, city, address, lat, lng, template, team_size, teams_max, fee_cents, starts_at, ends_at, status)
VALUES
  ('20000000-0000-0000-0000-000000000001', '10000000-0000-0000-0000-000000000001', '2026南宁业余联赛', '南宁市', '广西体育中心', 22.7850, 108.3700, 'league', 11, 16, 20000, now() - interval '14 days', now() + interval '60 days', 'ongoing'),
  ('20000000-0000-0000-0000-000000000002', '10000000-0000-0000-0000-000000000004', '五象杯邀请赛', '南宁市', '五象总部基地足球场', 22.7690, 108.3920, 'knockout16', 11, 16, 10000, now() + interval '14 days', now() + interval '16 days', 'registering'),
  ('20000000-0000-0000-0000-000000000003', '10000000-0000-0000-0000-000000000006', '深圳龙岗杯2026', '深圳市', '深圳湾体育中心', 22.5200, 113.9450, 'group8', 11, 8, 30000, now() + interval '10 days', now() + interval '30 days', 'registering');

-- ═══════════════════════════════════════════════════════════════
-- 4d. demo 参赛队伍
-- ═══════════════════════════════════════════════════════════════

INSERT INTO public.teams (id, event_id, name, captain_id, slogan, status)
VALUES
  ('30000000-0000-0000-0000-000000000001', '20000000-0000-0000-0000-000000000001', '红星FC', '10000000-0000-0000-0000-000000000001', '进攻就是最好的防守', 'approved'),
  ('30000000-0000-0000-0000-000000000002', '20000000-0000-0000-0000-000000000001', '蓝鹰FC', '10000000-0000-0000-0000-000000000004', '团结拼搏永不言败', 'approved');

-- ═══════════════════════════════════════════════════════════════
-- 4d2. demo 队员名单（team_members，触发器依赖此表生成通知）
-- ═══════════════════════════════════════════════════════════════

INSERT INTO public.team_members (team_id, user_id, role)
VALUES
  -- 红星FC
  ('30000000-0000-0000-0000-000000000001', '10000000-0000-0000-0000-000000000001', 'captain'),
  ('30000000-0000-0000-0000-000000000001', '10000000-0000-0000-0000-000000000003', 'player'),
  ('30000000-0000-0000-0000-000000000001', '10000000-0000-0000-0000-000000000005', 'player'),
  ('30000000-0000-0000-0000-000000000001', '10000000-0000-0000-0000-000000000008', 'player'),
  ('30000000-0000-0000-0000-000000000001', '10000000-0000-0000-0000-000000000009', 'player'),
  ('30000000-0000-0000-0000-000000000001', '10000000-0000-0000-0000-00000000000e', 'player'),
  ('30000000-0000-0000-0000-000000000001', '10000000-0000-0000-0000-00000000000f', 'player'),
  ('30000000-0000-0000-0000-000000000001', '10000000-0000-0000-0000-000000000010', 'player'),
  ('30000000-0000-0000-0000-000000000001', '10000000-0000-0000-0000-000000000011', 'player'),
  ('30000000-0000-0000-0000-000000000001', '10000000-0000-0000-0000-000000000012', 'player'),
  ('30000000-0000-0000-0000-000000000001', '10000000-0000-0000-0000-000000000013', 'player'),
  -- 蓝鹰FC
  ('30000000-0000-0000-0000-000000000002', '10000000-0000-0000-0000-000000000004', 'captain'),
  ('30000000-0000-0000-0000-000000000002', '10000000-0000-0000-0000-000000000002', 'player'),
  ('30000000-0000-0000-0000-000000000002', '10000000-0000-0000-0000-000000000006', 'player'),
  ('30000000-0000-0000-0000-000000000002', '10000000-0000-0000-0000-000000000007', 'player'),
  ('30000000-0000-0000-0000-000000000002', '10000000-0000-0000-0000-00000000000a', 'player'),
  ('30000000-0000-0000-0000-000000000002', '10000000-0000-0000-0000-00000000000b', 'player'),
  ('30000000-0000-0000-0000-000000000002', '10000000-0000-0000-0000-00000000000c', 'player'),
  ('30000000-0000-0000-0000-000000000002', '10000000-0000-0000-0000-00000000000d', 'player'),
  ('30000000-0000-0000-0000-000000000002', '10000000-0000-0000-0000-000000000014', 'player'),
  ('30000000-0000-0000-0000-000000000002', '10000000-0000-0000-0000-000000000015', 'player'),
  ('30000000-0000-0000-0000-000000000002', '10000000-0000-0000-0000-000000000016', 'player');

-- ═══════════════════════════════════════════════════════════════
-- 4e. demo 比赛（1 场已结束 3-2，1 场即将开始）
-- ═══════════════════════════════════════════════════════════════

INSERT INTO public.matches (id, event_id, round, team_a_id, team_b_id, team_a_label, team_b_label, score_a, score_b, played_at, status, started_at, ended_at)
VALUES
  ('40000000-0000-0000-0000-000000000001', '20000000-0000-0000-0000-000000000001', 'league', '30000000-0000-0000-0000-000000000001', '30000000-0000-0000-0000-000000000002', '红星FC', '蓝鹰FC', 3, 2, now() - interval '2 days', 'finished', now() - interval '2 days', now() - interval '2 days' + interval '95 minutes'),
  ('40000000-0000-0000-0000-000000000002', '20000000-0000-0000-0000-000000000001', 'league', '30000000-0000-0000-0000-000000000002', '30000000-0000-0000-0000-000000000001', '蓝鹰FC', '红星FC', NULL, NULL, now() + interval '5 days', 'upcoming', NULL, NULL);

-- ═══════════════════════════════════════════════════════════════
-- 4f. demo 比赛参与者（第1场：每队11人）
-- ═══════════════════════════════════════════════════════════════

INSERT INTO public.match_participants (match_id, user_id, display_name, position, side)
VALUES
  -- 红星FC (side a) — 11人
  ('40000000-0000-0000-0000-000000000001', '10000000-0000-0000-0000-000000000001', '陈子睿', 'ST',  'a'),
  ('40000000-0000-0000-0000-000000000001', '10000000-0000-0000-0000-000000000003', '徐铮',   'CB',  'a'),
  ('40000000-0000-0000-0000-000000000001', '10000000-0000-0000-0000-000000000005', '江北',   'LW',  'a'),
  ('40000000-0000-0000-0000-000000000001', '10000000-0000-0000-0000-000000000008', '小赵',   'LB',  'a'),
  ('40000000-0000-0000-0000-000000000001', '10000000-0000-0000-0000-000000000009', '阿泽',   'RB',  'a'),
  ('40000000-0000-0000-0000-000000000001', '10000000-0000-0000-0000-00000000000e', '大刘',   'CM',  'a'),
  ('40000000-0000-0000-0000-000000000001', '10000000-0000-0000-0000-00000000000f', '小黄',   'CDM', 'a'),
  ('40000000-0000-0000-0000-000000000001', '10000000-0000-0000-0000-000000000010', '马哥',   'CB',  'a'),
  ('40000000-0000-0000-0000-000000000001', '10000000-0000-0000-0000-000000000011', '阿杰',   'RW',  'a'),
  ('40000000-0000-0000-0000-000000000001', '10000000-0000-0000-0000-000000000012', '飞哥',   'CAM', 'a'),
  ('40000000-0000-0000-0000-000000000001', '10000000-0000-0000-0000-000000000013', '老李',   'GK',  'a'),
  -- 蓝鹰FC (side b) — 11人
  ('40000000-0000-0000-0000-000000000001', '10000000-0000-0000-0000-000000000002', '老王',   'GK',  'b'),
  ('40000000-0000-0000-0000-000000000001', '10000000-0000-0000-0000-000000000004', '林帅',   'CM',  'b'),
  ('40000000-0000-0000-0000-000000000001', '10000000-0000-0000-0000-000000000006', 'Kevin',  'RW',  'b'),
  ('40000000-0000-0000-0000-000000000001', '10000000-0000-0000-0000-000000000007', '张教练', 'CM',  'b'),
  ('40000000-0000-0000-0000-000000000001', '10000000-0000-0000-0000-00000000000a', '路人甲', 'ST',  'b'),
  ('40000000-0000-0000-0000-000000000001', '10000000-0000-0000-0000-00000000000b', '路人乙', 'CB',  'b'),
  ('40000000-0000-0000-0000-000000000001', '10000000-0000-0000-0000-00000000000c', '路人丙', 'LW',  'b'),
  ('40000000-0000-0000-0000-000000000001', '10000000-0000-0000-0000-00000000000d', '路人丁', 'RB',  'b'),
  ('40000000-0000-0000-0000-000000000001', '10000000-0000-0000-0000-000000000014', '阿强',   'CB',  'b'),
  ('40000000-0000-0000-0000-000000000001', '10000000-0000-0000-0000-000000000015', '小陈',   'LB',  'b'),
  ('40000000-0000-0000-0000-000000000001', '10000000-0000-0000-0000-000000000016', '胖虎',   'CDM', 'b');

-- ═══════════════════════════════════════════════════════════════
-- 4g. demo 进球（3-2）
-- ═══════════════════════════════════════════════════════════════

INSERT INTO public.goals (match_id, scorer_id, scorer_name, assist_id, minute, is_own_goal, is_penalty)
VALUES
  ('40000000-0000-0000-0000-000000000001', '10000000-0000-0000-0000-000000000001', '陈子睿', '10000000-0000-0000-0000-000000000012', 12, false, false),
  ('40000000-0000-0000-0000-000000000001', '10000000-0000-0000-0000-00000000000a', '路人甲', NULL, 28, false, false),
  ('40000000-0000-0000-0000-000000000001', '10000000-0000-0000-0000-000000000005', '江北',   '10000000-0000-0000-0000-000000000011', 45, false, false),
  ('40000000-0000-0000-0000-000000000001', '10000000-0000-0000-0000-000000000006', 'Kevin',  NULL, 67, false, true),
  ('40000000-0000-0000-0000-000000000001', '10000000-0000-0000-0000-000000000001', '陈子睿', '10000000-0000-0000-0000-00000000000e', 82, false, false);

-- ═══════════════════════════════════════════════════════════════
-- 4h. demo 评分（虎扑式，0-10分，含评论和高光）
-- ═══════════════════════════════════════════════════════════════

INSERT INTO public.ratings (id, match_id, rater_id, ratee_id, ratee_name, score, comment, highlight, created_at)
VALUES
  -- ── 陈子睿 (001) 被评（梅开二度+1助攻，高分）──
  ('50000000-0000-0000-0000-000000000001', '40000000-0000-0000-0000-000000000001', '10000000-0000-0000-0000-000000000004', '10000000-0000-0000-0000-000000000001', '陈子睿', 9.5, '梅开二度+助攻，全场最佳没悬念', '2球1助', now() - interval '1 day 23 hours'),
  ('50000000-0000-0000-0000-000000000002', '40000000-0000-0000-0000-000000000001', '10000000-0000-0000-0000-000000000007', '10000000-0000-0000-0000-000000000001', '陈子睿', 9.0, '跑位很聪明，第二个球的转身射门太漂亮了', '2球1助', now() - interval '1 day 22 hours'),
  ('50000000-0000-0000-0000-000000000003', '40000000-0000-0000-0000-000000000001', '10000000-0000-0000-0000-00000000000a', '10000000-0000-0000-0000-000000000001', '陈子睿', 8.5, '前锋该有的样子', '2球1助', now() - interval '1 day 21 hours'),
  ('50000000-0000-0000-0000-000000000004', '40000000-0000-0000-0000-000000000001', '10000000-0000-0000-0000-000000000002', '10000000-0000-0000-0000-000000000001', '陈子睿', 9.0, NULL, '2球1助', now() - interval '1 day 20 hours'),
  ('50000000-0000-0000-0000-000000000005', '40000000-0000-0000-0000-000000000001', '10000000-0000-0000-0000-00000000000b', '10000000-0000-0000-0000-000000000001', '陈子睿', 8.0, '确实厉害，第一个球防不住', NULL, now() - interval '1 day 19 hours'),
  ('50000000-0000-0000-0000-000000000006', '40000000-0000-0000-0000-000000000001', '10000000-0000-0000-0000-000000000015', '10000000-0000-0000-0000-000000000001', '陈子睿', 9.0, '这水平可以去踢职业了吧', '2球1助', now() - interval '1 day 18 hours'),

  -- ── 江北 (005) 被评（1球）──
  ('50000000-0000-0000-0000-000000000010', '40000000-0000-0000-0000-000000000001', '10000000-0000-0000-0000-000000000004', '10000000-0000-0000-0000-000000000005', '江北', 8.0, '左路突破犀利，进球漂亮', '1球', now() - interval '1 day 22 hours'),
  ('50000000-0000-0000-0000-000000000011', '40000000-0000-0000-0000-000000000001', '10000000-0000-0000-0000-000000000007', '10000000-0000-0000-0000-000000000005', '江北', 7.5, '速度快，但下半场体能下降明显', '1球', now() - interval '1 day 21 hours'),
  ('50000000-0000-0000-0000-000000000012', '40000000-0000-0000-0000-000000000001', '10000000-0000-0000-0000-00000000000d', '10000000-0000-0000-0000-000000000005', '江北', 7.0, '那脚远射有点运气成分', '1球', now() - interval '1 day 20 hours'),
  ('50000000-0000-0000-0000-000000000013', '40000000-0000-0000-0000-000000000001', '10000000-0000-0000-0000-000000000002', '10000000-0000-0000-0000-000000000005', '江北', 8.0, NULL, '1球', now() - interval '1 day 19 hours'),

  -- ── 飞哥 (012) 被评（1助攻）──
  ('50000000-0000-0000-0000-000000000020', '40000000-0000-0000-0000-000000000001', '10000000-0000-0000-0000-000000000004', '10000000-0000-0000-0000-000000000012', '飞哥', 7.5, '组织能力不错，几脚直塞很有想象力', '1助', now() - interval '1 day 22 hours'),
  ('50000000-0000-0000-0000-000000000021', '40000000-0000-0000-0000-000000000001', '10000000-0000-0000-0000-000000000007', '10000000-0000-0000-0000-000000000012', '飞哥', 7.0, '前场串联做得好，但射门差了点', '1助', now() - interval '1 day 21 hours'),
  ('50000000-0000-0000-0000-000000000022', '40000000-0000-0000-0000-000000000001', '10000000-0000-0000-0000-00000000000a', '10000000-0000-0000-0000-000000000012', '飞哥', 7.5, NULL, '1助', now() - interval '1 day 20 hours'),

  -- ── Kevin (006) 被评（1球，点球）──
  ('50000000-0000-0000-0000-000000000030', '40000000-0000-0000-0000-000000000001', '10000000-0000-0000-0000-000000000001', '10000000-0000-0000-0000-000000000006', 'Kevin', 7.0, '点球打进了，但运动战机会把握不好', '1球(点)', now() - interval '1 day 22 hours'),
  ('50000000-0000-0000-0000-000000000031', '40000000-0000-0000-0000-000000000001', '10000000-0000-0000-0000-00000000000e', '10000000-0000-0000-0000-000000000006', 'Kevin', 7.5, '右路几次突破还是有威胁的', '1球(点)', now() - interval '1 day 21 hours'),
  ('50000000-0000-0000-0000-000000000032', '40000000-0000-0000-0000-000000000001', '10000000-0000-0000-0000-000000000003', '10000000-0000-0000-0000-000000000006', 'Kevin', 6.5, '除了点球没啥亮点', '1球(点)', now() - interval '1 day 20 hours'),
  ('50000000-0000-0000-0000-000000000033', '40000000-0000-0000-0000-000000000001', '10000000-0000-0000-0000-00000000000f', '10000000-0000-0000-0000-000000000006', 'Kevin', 7.0, NULL, '1球(点)', now() - interval '1 day 19 hours'),

  -- ── 路人甲 (00a) 被评（1球）──
  ('50000000-0000-0000-0000-000000000040', '40000000-0000-0000-0000-000000000001', '10000000-0000-0000-0000-000000000001', '10000000-0000-0000-0000-00000000000a', '路人甲', 7.0, '进球不错但其他时间隐身了', '1球', now() - interval '1 day 22 hours'),
  ('50000000-0000-0000-0000-000000000041', '40000000-0000-0000-0000-000000000001', '10000000-0000-0000-0000-00000000000e', '10000000-0000-0000-0000-00000000000a', '路人甲', 7.5, '抢点意识好，就是拿球太多', '1球', now() - interval '1 day 21 hours'),
  ('50000000-0000-0000-0000-000000000042', '40000000-0000-0000-0000-000000000001', '10000000-0000-0000-0000-000000000003', '10000000-0000-0000-0000-00000000000a', '路人甲', 6.5, NULL, '1球', now() - interval '1 day 20 hours'),

  -- ── 老王 (002) GK 被评（丢3球）──
  ('50000000-0000-0000-0000-000000000050', '40000000-0000-0000-0000-000000000001', '10000000-0000-0000-0000-000000000001', '10000000-0000-0000-0000-000000000002', '老王', 5.5, '第三个球应该能扑到的', NULL, now() - interval '1 day 22 hours'),
  ('50000000-0000-0000-0000-000000000051', '40000000-0000-0000-0000-000000000001', '10000000-0000-0000-0000-00000000000e', '10000000-0000-0000-0000-000000000002', '老王', 6.0, '前两个没办法，站位还行', NULL, now() - interval '1 day 21 hours'),
  ('50000000-0000-0000-0000-000000000052', '40000000-0000-0000-0000-000000000001', '10000000-0000-0000-0000-000000000003', '10000000-0000-0000-0000-000000000002', '老王', 5.0, '出击犹豫了好几次', NULL, now() - interval '1 day 20 hours'),
  ('50000000-0000-0000-0000-000000000053', '40000000-0000-0000-0000-000000000001', '10000000-0000-0000-0000-00000000000f', '10000000-0000-0000-0000-000000000002', '老王', 5.5, NULL, NULL, now() - interval '1 day 19 hours'),

  -- ── 老李 (013) GK 被评（丢2球）──
  ('50000000-0000-0000-0000-000000000060', '40000000-0000-0000-0000-000000000001', '10000000-0000-0000-0000-000000000004', '10000000-0000-0000-0000-000000000013', '老李', 7.0, '几个关键扑救很稳，点球没办法', NULL, now() - interval '1 day 22 hours'),
  ('50000000-0000-0000-0000-000000000061', '40000000-0000-0000-0000-000000000001', '10000000-0000-0000-0000-000000000007', '10000000-0000-0000-0000-000000000013', '老李', 7.5, '下半场那个单刀扑救太牛了', '3次关键扑救', now() - interval '1 day 21 hours'),
  ('50000000-0000-0000-0000-000000000062', '40000000-0000-0000-0000-000000000001', '10000000-0000-0000-0000-00000000000a', '10000000-0000-0000-0000-000000000013', '老李', 7.0, NULL, NULL, now() - interval '1 day 20 hours'),

  -- ── 徐铮 (003) CB 被评 ──
  ('50000000-0000-0000-0000-000000000070', '40000000-0000-0000-0000-000000000001', '10000000-0000-0000-0000-000000000004', '10000000-0000-0000-0000-000000000003', '徐铮', 7.0, '后防线组织得不错', NULL, now() - interval '1 day 22 hours'),
  ('50000000-0000-0000-0000-000000000071', '40000000-0000-0000-0000-000000000001', '10000000-0000-0000-0000-000000000007', '10000000-0000-0000-0000-000000000003', '徐铮', 6.5, '盯人还行但出球太慢了', NULL, now() - interval '1 day 21 hours'),
  ('50000000-0000-0000-0000-000000000072', '40000000-0000-0000-0000-000000000001', '10000000-0000-0000-0000-00000000000a', '10000000-0000-0000-0000-000000000003', '徐铮', 7.0, NULL, NULL, now() - interval '1 day 20 hours'),

  -- ── 阿杰 (011) RW 被评（1助攻）──
  ('50000000-0000-0000-0000-000000000080', '40000000-0000-0000-0000-000000000001', '10000000-0000-0000-0000-000000000004', '10000000-0000-0000-0000-000000000011', '阿杰', 7.5, '右路下底传中质量高', '1助', now() - interval '1 day 22 hours'),
  ('50000000-0000-0000-0000-000000000081', '40000000-0000-0000-0000-000000000001', '10000000-0000-0000-0000-000000000002', '10000000-0000-0000-0000-000000000011', '阿杰', 7.0, NULL, '1助', now() - interval '1 day 21 hours'),

  -- ── 大刘 (00e) CM 被评（1助攻）──
  ('50000000-0000-0000-0000-000000000090', '40000000-0000-0000-0000-000000000001', '10000000-0000-0000-0000-000000000004', '10000000-0000-0000-0000-00000000000e', '大刘', 7.5, '中场调度很合理，最后那脚助攻太及时了', '1助', now() - interval '1 day 22 hours'),
  ('50000000-0000-0000-0000-000000000091', '40000000-0000-0000-0000-000000000001', '10000000-0000-0000-0000-000000000007', '10000000-0000-0000-0000-00000000000e', '大刘', 7.0, '控球稳，但防守端跑动不够', '1助', now() - interval '1 day 21 hours'),
  ('50000000-0000-0000-0000-000000000092', '40000000-0000-0000-0000-000000000001', '10000000-0000-0000-0000-00000000000a', '10000000-0000-0000-0000-00000000000e', '大刘', 7.5, NULL, '1助', now() - interval '1 day 20 hours'),

  -- ── 小黄 (00f) CDM 被评 ──
  ('50000000-0000-0000-0000-0000000000a0', '40000000-0000-0000-0000-000000000001', '10000000-0000-0000-0000-000000000004', '10000000-0000-0000-0000-00000000000f', '小黄', 6.5, '防守积极但传球失误多了点', NULL, now() - interval '1 day 22 hours'),
  ('50000000-0000-0000-0000-0000000000a1', '40000000-0000-0000-0000-000000000001', '10000000-0000-0000-0000-000000000007', '10000000-0000-0000-0000-00000000000f', '小黄', 7.0, NULL, NULL, now() - interval '1 day 21 hours'),

  -- ── 张教练 (007) CM 被评 ──
  ('50000000-0000-0000-0000-0000000000b0', '40000000-0000-0000-0000-000000000001', '10000000-0000-0000-0000-000000000001', '10000000-0000-0000-0000-000000000007', '张教练', 7.0, '经验丰富，控制节奏能力强', NULL, now() - interval '1 day 22 hours'),
  ('50000000-0000-0000-0000-0000000000b1', '40000000-0000-0000-0000-000000000001', '10000000-0000-0000-0000-00000000000e', '10000000-0000-0000-0000-000000000007', '张教练', 7.5, '教练就是教练，位置感太好了', NULL, now() - interval '1 day 21 hours'),
  ('50000000-0000-0000-0000-0000000000b2', '40000000-0000-0000-0000-000000000001', '10000000-0000-0000-0000-000000000003', '10000000-0000-0000-0000-000000000007', '张教练', 6.5, NULL, NULL, now() - interval '1 day 20 hours'),

  -- ── 林帅 (004) CM 被评 ──
  ('50000000-0000-0000-0000-0000000000c0', '40000000-0000-0000-0000-000000000001', '10000000-0000-0000-0000-000000000001', '10000000-0000-0000-0000-000000000004', '林帅', 6.5, '中场存在感不强', NULL, now() - interval '1 day 22 hours'),
  ('50000000-0000-0000-0000-0000000000c1', '40000000-0000-0000-0000-000000000001', '10000000-0000-0000-0000-00000000000e', '10000000-0000-0000-0000-000000000004', '林帅', 6.0, '跑动太少了，后半场就站着不动', NULL, now() - interval '1 day 21 hours'),
  ('50000000-0000-0000-0000-0000000000c2', '40000000-0000-0000-0000-000000000001', '10000000-0000-0000-0000-00000000000f', '10000000-0000-0000-0000-000000000004', '林帅', 6.5, NULL, NULL, now() - interval '1 day 20 hours'),

  -- ── 路人乙 (00b) CB 被评 ──
  ('50000000-0000-0000-0000-0000000000d0', '40000000-0000-0000-0000-000000000001', '10000000-0000-0000-0000-000000000001', '10000000-0000-0000-0000-00000000000b', '路人乙', 5.5, '被过了好几次，站位有问题', NULL, now() - interval '1 day 22 hours'),
  ('50000000-0000-0000-0000-0000000000d1', '40000000-0000-0000-0000-000000000001', '10000000-0000-0000-0000-00000000000e', '10000000-0000-0000-0000-00000000000b', '路人乙', 6.0, NULL, NULL, now() - interval '1 day 21 hours'),

  -- ── 小赵 (008) LB 被评 ──
  ('50000000-0000-0000-0000-0000000000e0', '40000000-0000-0000-0000-000000000001', '10000000-0000-0000-0000-000000000004', '10000000-0000-0000-0000-000000000008', '小赵', 6.5, '助攻上去回不来，好几次被打反击', NULL, now() - interval '1 day 22 hours'),
  ('50000000-0000-0000-0000-0000000000e1', '40000000-0000-0000-0000-000000000001', '10000000-0000-0000-0000-000000000007', '10000000-0000-0000-0000-000000000008', '小赵', 7.0, NULL, NULL, now() - interval '1 day 21 hours'),

  -- ── 阿泽 (009) RB 被评 ──
  ('50000000-0000-0000-0000-0000000000f0', '40000000-0000-0000-0000-000000000001', '10000000-0000-0000-0000-000000000004', '10000000-0000-0000-0000-000000000009', '阿泽', 7.0, '防守端很稳', NULL, now() - interval '1 day 22 hours'),
  ('50000000-0000-0000-0000-0000000000f1', '40000000-0000-0000-0000-000000000001', '10000000-0000-0000-0000-000000000007', '10000000-0000-0000-0000-000000000009', '阿泽', 6.5, NULL, NULL, now() - interval '1 day 21 hours'),

  -- ── 马哥 (010) CB 被评 ──
  ('50000000-0000-0000-0000-000000000100', '40000000-0000-0000-0000-000000000001', '10000000-0000-0000-0000-000000000004', '10000000-0000-0000-0000-000000000010', '马哥', 7.0, '头球争顶赢了不少', NULL, now() - interval '1 day 22 hours'),
  ('50000000-0000-0000-0000-000000000101', '40000000-0000-0000-0000-000000000001', '10000000-0000-0000-0000-00000000000a', '10000000-0000-0000-0000-000000000010', '马哥', 6.5, NULL, NULL, now() - interval '1 day 21 hours'),

  -- ── 路人丙 (00c) LW 被评 ──
  ('50000000-0000-0000-0000-000000000110', '40000000-0000-0000-0000-000000000001', '10000000-0000-0000-0000-000000000001', '10000000-0000-0000-0000-00000000000c', '路人丙', 6.0, '速度可以但基本功差了些', NULL, now() - interval '1 day 22 hours'),
  ('50000000-0000-0000-0000-000000000111', '40000000-0000-0000-0000-000000000001', '10000000-0000-0000-0000-00000000000e', '10000000-0000-0000-0000-00000000000c', '路人丙', 5.5, NULL, NULL, now() - interval '1 day 21 hours'),

  -- ── 路人丁 (00d) RB 被评 ──
  ('50000000-0000-0000-0000-000000000120', '40000000-0000-0000-0000-000000000001', '10000000-0000-0000-0000-000000000001', '10000000-0000-0000-0000-00000000000d', '路人丁', 6.0, NULL, NULL, now() - interval '1 day 22 hours'),
  ('50000000-0000-0000-0000-000000000121', '40000000-0000-0000-0000-000000000001', '10000000-0000-0000-0000-00000000000e', '10000000-0000-0000-0000-00000000000d', '路人丁', 6.5, '防守还算卖力', NULL, now() - interval '1 day 21 hours'),

  -- ── 阿强 (014) CB 被评 ──
  ('50000000-0000-0000-0000-000000000130', '40000000-0000-0000-0000-000000000001', '10000000-0000-0000-0000-000000000001', '10000000-0000-0000-0000-000000000014', '阿强', 6.0, '丢球时候盯人不紧', NULL, now() - interval '1 day 22 hours'),
  ('50000000-0000-0000-0000-000000000131', '40000000-0000-0000-0000-000000000001', '10000000-0000-0000-0000-00000000000e', '10000000-0000-0000-0000-000000000014', '阿强', 6.5, NULL, NULL, now() - interval '1 day 21 hours'),

  -- ── 小陈 (015) LB 被评 ──
  ('50000000-0000-0000-0000-000000000140', '40000000-0000-0000-0000-000000000001', '10000000-0000-0000-0000-000000000001', '10000000-0000-0000-0000-000000000015', '小陈', 6.5, NULL, NULL, now() - interval '1 day 22 hours'),

  -- ── 胖虎 (016) CDM 被评 ──
  ('50000000-0000-0000-0000-000000000150', '40000000-0000-0000-0000-000000000001', '10000000-0000-0000-0000-000000000001', '10000000-0000-0000-0000-000000000016', '胖虎', 7.0, '铲球很凶，对方中场都不敢拿球了哈哈', NULL, now() - interval '1 day 22 hours'),
  ('50000000-0000-0000-0000-000000000151', '40000000-0000-0000-0000-000000000001', '10000000-0000-0000-0000-00000000000e', '10000000-0000-0000-0000-000000000016', '胖虎', 7.5, '虽然胖但跑动覆盖面很大', NULL, now() - interval '1 day 21 hours'),
  ('50000000-0000-0000-0000-000000000152', '40000000-0000-0000-0000-000000000001', '10000000-0000-0000-0000-000000000003', '10000000-0000-0000-0000-000000000016', '胖虎', 6.5, NULL, NULL, now() - interval '1 day 20 hours');

-- ═══════════════════════════════════════════════════════════════
-- 4i. demo 评分点赞
-- ═══════════════════════════════════════════════════════════════

INSERT INTO public.rating_likes (rating_id, user_id)
VALUES
  ('50000000-0000-0000-0000-000000000001', '10000000-0000-0000-0000-000000000003'),
  ('50000000-0000-0000-0000-000000000001', '10000000-0000-0000-0000-000000000005'),
  ('50000000-0000-0000-0000-000000000001', '10000000-0000-0000-0000-000000000009'),
  ('50000000-0000-0000-0000-000000000001', '10000000-0000-0000-0000-00000000000f'),
  ('50000000-0000-0000-0000-000000000001', '10000000-0000-0000-0000-000000000010'),
  ('50000000-0000-0000-0000-000000000002', '10000000-0000-0000-0000-000000000001'),
  ('50000000-0000-0000-0000-000000000002', '10000000-0000-0000-0000-000000000005'),
  ('50000000-0000-0000-0000-000000000002', '10000000-0000-0000-0000-000000000012'),
  ('50000000-0000-0000-0000-000000000006', '10000000-0000-0000-0000-000000000003'),
  ('50000000-0000-0000-0000-000000000006', '10000000-0000-0000-0000-00000000000e'),
  ('50000000-0000-0000-0000-000000000010', '10000000-0000-0000-0000-000000000001'),
  ('50000000-0000-0000-0000-000000000010', '10000000-0000-0000-0000-000000000009'),
  ('50000000-0000-0000-0000-000000000061', '10000000-0000-0000-0000-000000000001'),
  ('50000000-0000-0000-0000-000000000061', '10000000-0000-0000-0000-000000000003'),
  ('50000000-0000-0000-0000-000000000061', '10000000-0000-0000-0000-000000000005'),
  ('50000000-0000-0000-0000-000000000150', '10000000-0000-0000-0000-000000000004'),
  ('50000000-0000-0000-0000-000000000150', '10000000-0000-0000-0000-00000000000a'),
  ('50000000-0000-0000-0000-0000000000b1', '10000000-0000-0000-0000-000000000001'),
  ('50000000-0000-0000-0000-0000000000d0', '10000000-0000-0000-0000-000000000005'),
  ('50000000-0000-0000-0000-0000000000e0', '10000000-0000-0000-0000-000000000008');

-- ═══════════════════════════════════════════════════════════════
-- 4j. demo 比赛评论
-- ═══════════════════════════════════════════════════════════════

INSERT INTO public.comments (id, target_type, target_id, author_id, author_name, body, likes, created_at)
VALUES
  ('60000000-0000-0000-0000-000000000001', 'match', '40000000-0000-0000-0000-000000000001', '10000000-0000-0000-0000-000000000001', '陈子睿', '这场踢得太爽了，3比2逆转！', 5, now() - interval '1 day 18 hours'),
  ('60000000-0000-0000-0000-000000000002', 'match', '40000000-0000-0000-0000-000000000001', '10000000-0000-0000-0000-000000000004', '林帅', '虽然输了但踢得不错，下次再来！', 3, now() - interval '1 day 16 hours'),
  ('60000000-0000-0000-0000-000000000003', 'match', '40000000-0000-0000-0000-000000000001', '10000000-0000-0000-0000-000000000006', 'Kevin', '点球那个判罚有争议啊…', 2, now() - interval '1 day 12 hours'),
  ('60000000-0000-0000-0000-000000000004', 'match', '40000000-0000-0000-0000-000000000001', '10000000-0000-0000-0000-000000000007', '张教练', '两队都很拼，好比赛👍', 4, now() - interval '1 day 8 hours'),
  ('60000000-0000-0000-0000-000000000005', 'match', '40000000-0000-0000-0000-000000000001', '10000000-0000-0000-0000-000000000005', '江北', '82分钟绝杀太刺激了', 6, now() - interval '23 hours');

-- ═══════════════════════════════════════════════════════════════
-- 5. demo 动态（各城市各几条）
-- ═══════════════════════════════════════════════════════════════

INSERT INTO public.posts (author_id, body, tags, city, venue)
VALUES
  ('10000000-0000-0000-0000-000000000001', '今天在五象踢了一场，4-2大胜！进了两个，状态不错💪', ARRAY['约球','进球'], '南宁市', '五象总部基地'),
  ('10000000-0000-0000-0000-000000000002', '找了个新场地，草皮质量不错，推荐给大家', ARRAY['场地推荐'], '南宁市', '李宁体育公园'),
  ('10000000-0000-0000-0000-000000000004', '膝盖恢复得差不多了，下周可以上场了', ARRAY['伤病恢复'], '南宁市', NULL),
  ('10000000-0000-0000-0000-000000000006', '深圳的天气太适合踢球了，全年无休', ARRAY['足球'], '深圳市', NULL),
  ('10000000-0000-0000-0000-000000000007', '今天带的新手班进步很大，有两个已经能打比赛了', ARRAY['训练','新手'], '深圳市', '深圳湾体育中心'),
  ('10000000-0000-0000-0000-000000000009', '北京的球友们，周末工体约吗？', ARRAY['约球','工体'], '北京市', '工人体育场'),
  ('10000000-0000-0000-0000-00000000000a', '第一次踢11人制，累到不行但很爽', ARRAY['新手','11人制'], '北京市', NULL),
  ('10000000-0000-0000-0000-00000000000c', '广州这边有没有野球群可以加？', ARRAY['约球','广州'], '广州市', NULL);

-- ═══════════════════════════════════════════════════════════════
-- 6. demo 文章（各城市几条）
-- ═══════════════════════════════════════════════════════════════

INSERT INTO public.articles (author_id, title, summary, body, category, city)
VALUES
  ('10000000-0000-0000-0000-000000000003', '南宁业余联赛本周战报', '第5轮比赛结果汇总', '本周南宁业余联赛第5轮已全部结束，A组积分榜变化较大...', 'news', '南宁市'),
  ('10000000-0000-0000-0000-000000000001', '五象片区球场全攻略', '五象新区主要足球场地盘点', '五象新区近几年新建了不少球场，本文为大家盘点一下...', 'review', '南宁市'),
  ('10000000-0000-0000-0000-000000000007', '新手如何快速融入野球局', '给刚开始踢球的朋友一些建议', '很多朋友想踢球但不知道怎么融入，这里分享几个心得...', 'opinion', '深圳市'),
  ('10000000-0000-0000-0000-000000000006', '深圳龙岗杯赛事回顾', '2026龙岗杯八强赛精彩集锦', '今年的龙岗杯竞争格外激烈，八强赛中出现了多场逆转...', 'analysis', '深圳市'),
  ('10000000-0000-0000-0000-000000000009', '北京冬季室内球场推荐', '冬天也要踢球！室内场地指南', '北京冬天室外踢球太冷，推荐几个不错的室内场地...', 'review', '北京市');

-- ═══════════════════════════════════════════════════════════════
-- 7. demo 通知（路由指向正确的固定 UUID 赛事）
-- ═══════════════════════════════════════════════════════════════

INSERT INTO public.notifications (user_id, type, title, body, icon, route, read, created_at)
VALUES
  -- 陈子睿 收到的通知
  ('10000000-0000-0000-0000-000000000001', 'match', '比赛结果出炉', '红星FC 3 - 2 蓝鹰FC', 'emoji_events', '/event/20000000-0000-0000-0000-000000000001', false, now() - interval '2 days'),
  ('10000000-0000-0000-0000-000000000001', 'match', '有新队伍报名', '蓝鹰FC 报名了你的赛事', 'how_to_reg', '/event/20000000-0000-0000-0000-000000000001', true, now() - interval '7 days'),
  -- 林帅 收到的通知
  ('10000000-0000-0000-0000-000000000004', 'match', '比赛结果出炉', '红星FC 3 - 2 蓝鹰FC', 'emoji_events', '/event/20000000-0000-0000-0000-000000000001', false, now() - interval '2 days'),
  ('10000000-0000-0000-0000-000000000004', 'match', '队伍审核通过', '你的队伍 蓝鹰FC 已通过审核', 'check_circle', '/event/20000000-0000-0000-0000-000000000001', true, now() - interval '10 days'),
  -- 其他队员 收到比赛结果通知
  ('10000000-0000-0000-0000-000000000003', 'match', '比赛结果出炉', '红星FC 3 - 2 蓝鹰FC', 'emoji_events', '/event/20000000-0000-0000-0000-000000000001', false, now() - interval '2 days'),
  ('10000000-0000-0000-0000-000000000005', 'match', '比赛结果出炉', '红星FC 3 - 2 蓝鹰FC', 'emoji_events', '/event/20000000-0000-0000-0000-000000000001', false, now() - interval '2 days'),
  ('10000000-0000-0000-0000-000000000002', 'match', '比赛结果出炉', '红星FC 3 - 2 蓝鹰FC', 'emoji_events', '/event/20000000-0000-0000-0000-000000000001', false, now() - interval '2 days'),
  ('10000000-0000-0000-0000-000000000006', 'match', '比赛结果出炉', '红星FC 3 - 2 蓝鹰FC', 'emoji_events', '/event/20000000-0000-0000-0000-000000000001', false, now() - interval '2 days');
